Data_Date,Payer_ID,Payer_Name,Plan_ID,Plan_Name,Channel,Lives,HCPCS_Code,Product_Name,Medical_Policy_Number,Policy_Effective_Date,Coverage_Status,PA_Required,Step_Therapy_Required,Site_of_Care_Restriction,Quantity_Limit,Bulletin_URL,As_Of_Date
2026-08-01,PYR10000,Meridian Health,PLN52000,Meridian Choice PPO,Commercial,951213,J9345,Onvantra,MP-ONC-91000,2026-08-01,Covered,Y,Y,Physician Office,Y,https://policies.example/meridian-choice-ppo/mp-onc-91000,2026-08-01
2026-08-01,PYR10001,Cascade Care,PLN52001,Cascade Select HMO,Commercial,990850,J9345,Onvantra,MP-ONC-91001,2026-08-01,Covered,Y,N,Physician Office; Home Infusion,N,https://policies.example/cascade-select-hmo/mp-onc-91001,2026-08-01
2026-08-01,PYR10002,Granite State Health,PLN52002,Granite MA Complete,Medicare Advantage,2943208,J9345,Onvantra,MP-ONC-91002,2026-08-01,Not Covered,N,N,Outpatient Hospital; Physician Office; Home Infusion,N,https://policies.example/granite-ma-complete/mp-onc-91002,2026-08-01
2026-08-01,PYR10003,Harborview Health Plan,PLN52003,Harborview Preferred PPO,Commercial,420657,J9345,Onvantra,MP-ONC-91003,2026-08-01,Covered,Y,N,Physician Office,N,https://policies.example/harborview-preferred-ppo/mp-onc-91003,2026-08-01
2026-08-01,PYR10004,Summit Wellness,PLN52004,Summit Advantage HMO,Medicare Advantage,2330426,J9345,Onvantra,MP-ONC-91004,2026-08-01,Covered,Y,N,Physician Office; Outpatient Hospital,Y,https://policies.example/summit-advantage-hmo/mp-onc-91004,2026-08-01
2026-08-01,PYR10005,Granite Wellness,PLN52005,Granite Select PPO,Commercial,991395,J9345,Onvantra,MP-ONC-1005,2026-01-15,Covered,Y,Y,Outpatient Hospital; Physician Office; Home Infusion,N,https://policies.example/granite-select-ppo/mp-onc-1005,2026-08-01
2026-08-01,PYR10006,Pinecrest Benefit,PLN52006,Pinecrest Choice HMO,Commercial,2825918,J9345,Onvantra,MP-ONC-1006,2025-11-01,Covered,Y,N,Physician Office; Outpatient Hospital,Y,https://policies.example/pinecrest-choice-hmo/mp-onc-1006,2026-08-01
2026-08-01,PYR10007,Pinecrest Alliance,PLN52007,Pinecrest Advantage,Commercial,2699353,J9345,Onvantra,MP-ONC-1007,2025-10-01,Covered,Y,N,Physician Office,N,https://policies.example/pinecrest-advantage/mp-onc-1007,2026-08-01
2026-08-01,PYR10008,Foundry Mutual,PLN52008,Foundry Select PPO,Commercial,899926,J9345,Onvantra,MP-ONC-1008,2026-03-01,Covered,Y,N,Physician Office; Home Infusion,N,https://policies.example/foundry-select-ppo/mp-onc-1008,2026-08-01
2026-08-01,PYR10009,Beacon Insurance,PLN52009,Beacon EPO,Commercial,3139710,J9345,Onvantra,MP-ONC-1009,2025-11-01,Covered,Y,Y,Physician Office; Home Infusion,N,https://policies.example/beacon-epo/mp-onc-1009,2026-08-01
2026-08-01,PYR10010,Lakeside Alliance,PLN52010,Lakeside HMO,Commercial,474901,J9345,Onvantra,MP-ONC-1010,2025-10-01,Covered,Y,N,Physician Office; Home Infusion,Y,https://policies.example/lakeside-hmo/mp-onc-1010,2026-08-01
2026-08-01,PYR10011,Keystone Mutual,PLN52011,Keystone Complete,Managed Medicaid,1069507,J9345,Onvantra,MP-ONC-1011,2026-01-15,Covered,Y,N,Outpatient Hospital; Physician Office; Home Infusion,Y,https://policies.example/keystone-complete/mp-onc-1011,2026-08-01
2026-08-01,PYR10012,Northgate Insurance,PLN52012,Northgate Advantage,Commercial,1918055,J9345,Onvantra,MP-ONC-1012,2025-10-01,Covered,Y,N,Physician Office; Outpatient Hospital,Y,https://policies.example/northgate-advantage/mp-onc-1012,2026-08-01
2026-08-01,PYR10013,Everest Wellness,PLN52013,Everest EPO,Commercial,692585,J9345,Onvantra,MP-ONC-1013,2025-10-01,Covered,Y,N,Physician Office; Home Infusion,N,https://policies.example/everest-epo/mp-onc-1013,2026-08-01
2026-08-01,PYR10014,Juniper Insurance,PLN52014,Juniper POS,Commercial,1025288,J9345,Onvantra,MP-ONC-1014,2026-05-01,Covered,Y,N,Physician Office; Home Infusion,N,https://policies.example/juniper-pos/mp-onc-1014,2026-08-01
2026-08-01,PYR10015,Lakeside Health Plan,PLN52015,Lakeside Complete,Managed Medicaid,707592,J9345,Onvantra,MP-ONC-1015,2025-11-01,Covered,Y,Y,Physician Office; Outpatient Hospital,Y,https://policies.example/lakeside-complete/mp-onc-1015,2026-08-01
2026-08-01,PYR10016,Everest Mutual,PLN52016,Everest Choice HMO,Medicare Advantage,2185870,J9345,Onvantra,MP-ONC-1016,2025-10-01,Covered,N,N,Physician Office; Outpatient Hospital,N,https://policies.example/everest-choice-hmo/mp-onc-1016,2026-08-01
2026-08-01,PYR10017,Gateway Health,PLN52017,Gateway Preferred,Commercial,2483096,J9345,Onvantra,MP-ONC-1017,2025-10-01,Covered,Y,N,Physician Office,Y,https://policies.example/gateway-preferred/mp-onc-1017,2026-08-01
2026-08-01,PYR10018,Ironwood Care,PLN52018,Ironwood PPO,Commercial,312197,J9345,Onvantra,MP-ONC-1018,2026-05-01,Covered,Y,N,Physician Office; Home Infusion,N,https://policies.example/ironwood-ppo/mp-onc-1018,2026-08-01
2026-08-01,PYR10019,Lakeside Alliance,PLN52019,Lakeside POS,Medicare Advantage,1722333,J9345,Onvantra,MP-ONC-1019,2026-03-01,Covered,Y,N,Physician Office,Y,https://policies.example/lakeside-pos/mp-onc-1019,2026-08-01
2026-08-01,PYR10020,Highland Mutual,PLN52020,Highland Advantage,Medicare Advantage,3072965,J9345,Onvantra,MP-ONC-1020,2026-01-15,Covered,Y,N,Physician Office,N,https://policies.example/highland-advantage/mp-onc-1020,2026-08-01
2026-08-01,PYR10021,Riverbend Wellness,PLN52021,Riverbend POS,Commercial,2264345,J9345,Onvantra,MP-ONC-1021,2026-01-15,Covered,N,N,Physician Office; Home Infusion,N,https://policies.example/riverbend-pos/mp-onc-1021,2026-08-01
2026-08-01,PYR10022,Prairie Wellness,PLN52022,Prairie HMO,Medicare Advantage,2323231,J9345,Onvantra,MP-ONC-1022,2025-11-01,Covered,Y,N,Physician Office,N,https://policies.example/prairie-hmo/mp-onc-1022,2026-08-01
2026-08-01,PYR10023,Pinecrest Mutual,PLN52023,Pinecrest Complete,Medicare Advantage,911521,J9345,Onvantra,MP-ONC-1023,2025-10-01,Covered,N,N,Physician Office; Outpatient Hospital,N,https://policies.example/pinecrest-complete/mp-onc-1023,2026-08-01
2026-08-01,PYR10024,Keystone Insurance,PLN52024,Keystone Complete,Commercial,1789221,J9345,Onvantra,MP-ONC-1024,2025-11-01,Covered,N,N,Physician Office; Outpatient Hospital,N,https://policies.example/keystone-complete/mp-onc-1024,2026-08-01
2026-08-01,PYR10025,Harborview Health,PLN52025,Harborview Choice HMO,Commercial,225312,J9345,Onvantra,MP-ONC-1025,2025-10-01,Covered,N,N,Physician Office,Y,https://policies.example/harborview-choice-hmo/mp-onc-1025,2026-08-01
2026-08-01,PYR10026,Stonegate Care,PLN52026,Stonegate HMO,Health Exchange,1001516,J9345,Onvantra,MP-ONC-1026,2026-05-01,Covered,N,N,Physician Office; Outpatient Hospital,Y,https://policies.example/stonegate-hmo/mp-onc-1026,2026-08-01
2026-08-01,PYR10027,Granite Care,PLN52027,Granite Advantage,Health Exchange,2463099,J9345,Onvantra,MP-ONC-1027,2026-01-15,Covered,Y,N,Physician Office; Outpatient Hospital,Y,https://policies.example/granite-advantage/mp-onc-1027,2026-08-01
2026-08-01,PYR10028,Silverpeak Insurance,PLN52028,Silverpeak Advantage,Commercial,2832272,J9345,Onvantra,MP-ONC-1028,2025-10-01,Covered,Y,Y,Outpatient Hospital; Physician Office; Home Infusion,N,https://policies.example/silverpeak-advantage/mp-onc-1028,2026-08-01
2026-08-01,PYR10029,Prairie Care,PLN52029,Prairie HMO,Managed Medicaid,909033,J9345,Onvantra,MP-ONC-1029,2025-11-01,Covered,Y,N,Outpatient Hospital; Physician Office; Home Infusion,N,https://policies.example/prairie-hmo/mp-onc-1029,2026-08-01
2026-08-01,PYR10030,Juniper Insurance,PLN52030,Juniper EPO,Medicare Advantage,2293421,J9345,Onvantra,MP-ONC-1030,2025-10-01,Covered,Y,N,Outpatient Hospital; Physician Office; Home Infusion,Y,https://policies.example/juniper-epo/mp-onc-1030,2026-08-01
2026-08-01,PYR10031,Lakeside Insurance,PLN52031,Lakeside HMO,Commercial,3128921,J9345,Onvantra,MP-ONC-1031,2025-11-01,Covered,Y,N,Outpatient Hospital; Physician Office; Home Infusion,Y,https://policies.example/lakeside-hmo/mp-onc-1031,2026-08-01
2026-08-01,PYR10032,Gateway Wellness,PLN52032,Gateway Select PPO,Managed Medicaid,2064051,J9345,Onvantra,MP-ONC-1032,2026-03-01,Covered,Y,N,Physician Office,Y,https://policies.example/gateway-select-ppo/mp-onc-1032,2026-08-01
2026-08-01,PYR10033,Redwood Health,PLN52033,Redwood PPO,Commercial,563697,J9345,Onvantra,MP-ONC-1033,2026-03-01,Covered,Y,N,Physician Office; Home Infusion,Y,https://policies.example/redwood-ppo/mp-onc-1033,2026-08-01
2026-08-01,PYR10034,Vantage Health,PLN52034,Vantage HMO,Commercial,2913346,J9345,Onvantra,MP-ONC-1034,2026-05-01,Covered,Y,N,Outpatient Hospital; Physician Office; Home Infusion,Y,https://policies.example/vantage-hmo/mp-onc-1034,2026-08-01
2026-08-01,PYR10035,Beacon Mutual,PLN52035,Beacon EPO,Commercial,1307929,J9345,Onvantra,MP-ONC-1035,2025-11-01,Covered,Y,N,Outpatient Hospital; Physician Office; Home Infusion,N,https://policies.example/beacon-epo/mp-onc-1035,2026-08-01
2026-08-01,PYR10036,Riverbend Benefit,PLN52036,Riverbend Preferred,Medicare Advantage,2618243,J9345,Onvantra,MP-ONC-1036,2026-03-01,Covered,Y,N,Physician Office; Outpatient Hospital,N,https://policies.example/riverbend-preferred/mp-onc-1036,2026-08-01
2026-08-01,PYR10037,Cascade Health Plan,PLN52037,Cascade Choice HMO,Medicare Advantage,2824794,J9345,Onvantra,MP-ONC-1037,2025-10-01,Covered,Y,N,Physician Office; Outpatient Hospital,Y,https://policies.example/cascade-choice-hmo/mp-onc-1037,2026-08-01
2026-08-01,PYR10038,Keystone Health,PLN52038,Keystone Complete,Commercial,852069,J9345,Onvantra,MP-ONC-1038,2025-11-01,Covered,N,N,Outpatient Hospital; Physician Office; Home Infusion,N,https://policies.example/keystone-complete/mp-onc-1038,2026-08-01
2026-08-01,PYR10039,Cascade Wellness,PLN52039,Cascade Advantage,Commercial,1183545,J9345,Onvantra,MP-ONC-1039,2026-05-01,Covered,Y,N,Outpatient Hospital; Physician Office; Home Infusion,Y,https://policies.example/cascade-advantage/mp-onc-1039,2026-08-01
2026-08-01,PYR10040,Lantern Benefit,PLN52040,Lantern PPO,Commercial,1110615,J9345,Onvantra,MP-ONC-1040,2026-05-01,Covered,Y,N,Physician Office,N,https://policies.example/lantern-ppo/mp-onc-1040,2026-08-01
2026-08-01,PYR10041,Nautilus Benefit,PLN52041,Nautilus Choice HMO,Medicare Advantage,2557624,J9345,Onvantra,MP-ONC-1041,2025-10-01,Covered,Y,Y,Physician Office; Outpatient Hospital,N,https://policies.example/nautilus-choice-hmo/mp-onc-1041,2026-08-01
2026-08-01,PYR10042,Nautilus Health,PLN52042,Nautilus Preferred,Managed Medicaid,2895887,J9345,Onvantra,MP-ONC-1042,2026-01-15,Covered,Y,N,Physician Office; Home Infusion,N,https://policies.example/nautilus-preferred/mp-onc-1042,2026-08-01
2026-08-01,PYR10043,Brightwater Benefit,PLN52043,Brightwater HMO,Health Exchange,1274642,J9345,Onvantra,MP-ONC-1043,2026-01-15,Covered,Y,Y,Outpatient Hospital; Physician Office; Home Infusion,N,https://policies.example/brightwater-hmo/mp-onc-1043,2026-08-01
2026-08-01,PYR10044,Vantage Health Plan,PLN52044,Vantage POS,Medicare Advantage,2803916,J9345,Onvantra,MP-ONC-1044,2026-05-01,Covered,N,N,Outpatient Hospital; Physician Office; Home Infusion,N,https://policies.example/vantage-pos/mp-onc-1044,2026-08-01
2026-08-01,PYR10045,Meridian Insurance,PLN52045,Meridian Select PPO,Commercial,1818081,J9345,Onvantra,MP-ONC-1045,2025-11-01,Covered,Y,Y,Physician Office; Home Infusion,N,https://policies.example/meridian-select-ppo/mp-onc-1045,2026-08-01
2026-08-01,PYR10046,Sequoia Alliance,PLN52046,Sequoia EPO,Health Exchange,370658,J9345,Onvantra,MP-ONC-1046,2026-01-15,Covered,Y,N,Physician Office,N,https://policies.example/sequoia-epo/mp-onc-1046,2026-08-01
2026-08-01,PYR10047,Ironwood Wellness,PLN52047,Ironwood EPO,Commercial,208834,J9345,Onvantra,MP-ONC-1047,2026-03-01,Covered,Y,Y,Physician Office,N,https://policies.example/ironwood-epo/mp-onc-1047,2026-08-01
2026-08-01,PYR10048,Wayfarer Wellness,PLN52048,Wayfarer Advantage,Medicare Advantage,1691265,J9345,Onvantra,MP-ONC-1048,2026-03-01,Covered,Y,N,Physician Office,N,https://policies.example/wayfarer-advantage/mp-onc-1048,2026-08-01
2026-08-01,PYR10049,Ironwood Health Plan,PLN52049,Ironwood Preferred,Medicare Advantage,225631,J9345,Onvantra,MP-ONC-1049,2026-03-01,Covered,Y,N,Physician Office; Home Infusion,N,https://policies.example/ironwood-preferred/mp-onc-1049,2026-08-01
2026-08-01,PYR10050,Trailhead Benefit,PLN52050,Trailhead Complete,Managed Medicaid,3031853,J9345,Onvantra,MP-ONC-1050,2026-03-01,Covered,N,Y,Physician Office; Outpatient Hospital,Y,https://policies.example/trailhead-complete/mp-onc-1050,2026-08-01
2026-08-01,PYR10051,Oakmont Insurance,PLN52051,Oakmont POS,Health Exchange,1178128,J9345,Onvantra,MP-ONC-1051,2025-10-01,Covered,N,N,Outpatient Hospital; Physician Office; Home Infusion,N,https://policies.example/oakmont-pos/mp-onc-1051,2026-08-01
2026-08-01,PYR10052,Copperfield Wellness,PLN52052,Copperfield Select PPO,Commercial,1355959,J9345,Onvantra,MP-ONC-1052,2026-03-01,Covered,Y,N,Physician Office; Outpatient Hospital,N,https://policies.example/copperfield-select-ppo/mp-onc-1052,2026-08-01
2026-08-01,PYR10053,Beacon Wellness,PLN52053,Beacon HMO,Medicare Advantage,1724595,J9345,Onvantra,MP-ONC-1053,2025-11-01,Covered,Y,Y,Physician Office; Home Infusion,N,https://policies.example/beacon-hmo/mp-onc-1053,2026-08-01
2026-08-01,PYR10054,Monarch Mutual,PLN52054,Monarch PPO,Managed Medicaid,1610433,J9345,Onvantra,MP-ONC-1054,2026-03-01,Covered,N,N,Outpatient Hospital; Physician Office; Home Infusion,N,https://policies.example/monarch-ppo/mp-onc-1054,2026-08-01
2026-08-01,PYR10055,Monarch Wellness,PLN52055,Monarch Complete,Commercial,1159773,J9345,Onvantra,MP-ONC-1055,2026-01-15,Covered,N,Y,Physician Office,N,https://policies.example/monarch-complete/mp-onc-1055,2026-08-01
2026-08-01,PYR10056,Lantern Health Plan,PLN52056,Lantern Complete,Commercial,2624934,J9345,Onvantra,MP-ONC-1056,2026-03-01,Covered,Y,Y,Physician Office,N,https://policies.example/lantern-complete/mp-onc-1056,2026-08-01
2026-08-01,PYR10057,Lakeside Alliance,PLN52057,Lakeside EPO,Commercial,1106174,J9345,Onvantra,MP-ONC-1057,2026-01-15,Covered,N,N,Physician Office; Outpatient Hospital,N,https://policies.example/lakeside-epo/mp-onc-1057,2026-08-01
2026-08-01,PYR10058,Gateway Mutual,PLN52058,Gateway Select PPO,Medicare Advantage,1073103,J9345,Onvantra,MP-ONC-1058,2026-05-01,Covered,Y,Y,Physician Office,Y,https://policies.example/gateway-select-ppo/mp-onc-1058,2026-08-01
2026-08-01,PYR10059,Harborview Benefit,PLN52059,Harborview POS,Health Exchange,302806,J9345,Onvantra,MP-ONC-1059,2025-10-01,Covered,Y,N,Physician Office; Outpatient Hospital,N,https://policies.example/harborview-pos/mp-onc-1059,2026-08-01
2026-08-01,PYR10060,Brightwater Health Plan,PLN52060,Brightwater POS,Commercial,2001259,J9345,Onvantra,MP-ONC-1060,2026-01-15,Covered,Y,N,Physician Office; Home Infusion,Y,https://policies.example/brightwater-pos/mp-onc-1060,2026-08-01
2026-08-01,PYR10061,Juniper Health Plan,PLN52061,Juniper HMO,Commercial,1319591,J9345,Onvantra,MP-ONC-1061,2026-03-01,Covered,Y,N,Outpatient Hospital; Physician Office; Home Infusion,Y,https://policies.example/juniper-hmo/mp-onc-1061,2026-08-01
2026-08-01,PYR10062,Lantern Wellness,PLN52062,Lantern HMO,Managed Medicaid,2911646,J9345,Onvantra,MP-ONC-1062,2026-05-01,Covered,Y,N,Outpatient Hospital; Physician Office; Home Infusion,Y,https://policies.example/lantern-hmo/mp-onc-1062,2026-08-01
2026-08-01,PYR10063,Northgate Health,PLN52063,Northgate Choice HMO,Managed Medicaid,1811747,J9345,Onvantra,MP-ONC-1063,2026-03-01,Covered,Y,N,Outpatient Hospital; Physician Office; Home Infusion,N,https://policies.example/northgate-choice-hmo/mp-onc-1063,2026-08-01
2026-08-01,PYR10064,Ridgeline Care,PLN52064,Ridgeline Advantage,Commercial,2680837,J9345,Onvantra,MP-ONC-1064,2026-05-01,Covered,N,N,Physician Office; Home Infusion,N,https://policies.example/ridgeline-advantage/mp-onc-1064,2026-08-01
2026-08-01,PYR10065,Redwood Alliance,PLN52065,Redwood Complete,Medicare Advantage,3081146,J9345,Onvantra,MP-ONC-1065,2026-01-15,Covered,Y,N,Physician Office; Outpatient Hospital,N,https://policies.example/redwood-complete/mp-onc-1065,2026-08-01
2026-08-01,PYR10066,Oakmont Wellness,PLN52066,Oakmont Complete,Managed Medicaid,2574916,J9345,Onvantra,MP-ONC-1066,2026-01-15,Covered,N,N,Physician Office,N,https://policies.example/oakmont-complete/mp-onc-1066,2026-08-01
2026-08-01,PYR10067,Stonegate Alliance,PLN52067,Stonegate POS,Commercial,1098608,J9345,Onvantra,MP-ONC-1067,2025-10-01,Covered,Y,N,Outpatient Hospital; Physician Office; Home Infusion,Y,https://policies.example/stonegate-pos/mp-onc-1067,2026-08-01
2026-08-01,PYR10068,Trailhead Wellness,PLN52068,Trailhead HMO,Commercial,3035212,J9345,Onvantra,MP-ONC-1068,2026-03-01,Covered,N,Y,Physician Office; Outpatient Hospital,Y,https://policies.example/trailhead-hmo/mp-onc-1068,2026-08-01
2026-08-01,PYR10069,Ridgeline Alliance,PLN52069,Ridgeline PPO,Commercial,1249113,J9345,Onvantra,MP-ONC-1069,2026-05-01,Covered,Y,Y,Physician Office; Outpatient Hospital,N,https://policies.example/ridgeline-ppo/mp-onc-1069,2026-08-01
2026-08-01,PYR10070,Juniper Alliance,PLN52070,Juniper Preferred,Managed Medicaid,1456823,J9345,Onvantra,MP-ONC-1070,2026-03-01,Covered,N,N,Outpatient Hospital; Physician Office; Home Infusion,Y,https://policies.example/juniper-preferred/mp-onc-1070,2026-08-01
2026-08-01,PYR10071,Redwood Insurance,PLN52071,Redwood Select PPO,Commercial,521067,J9345,Onvantra,MP-ONC-1071,2026-05-01,Covered,Y,N,Physician Office,Y,https://policies.example/redwood-select-ppo/mp-onc-1071,2026-08-01
2026-08-01,PYR10072,Stonegate Wellness,PLN52072,Stonegate POS,Health Exchange,2045876,J9345,Onvantra,MP-ONC-1072,2026-01-15,Covered,Y,N,Physician Office,N,https://policies.example/stonegate-pos/mp-onc-1072,2026-08-01
2026-08-01,PYR10073,Ironwood Benefit,PLN52073,Ironwood EPO,Commercial,74342,J9345,Onvantra,MP-ONC-1073,2026-05-01,Covered,Y,N,Physician Office,N,https://policies.example/ironwood-epo/mp-onc-1073,2026-08-01
2026-08-01,PYR10074,Copperfield Health Plan,PLN52074,Copperfield Complete,Commercial,66444,J9345,Onvantra,MP-ONC-1074,2026-01-15,Covered,Y,Y,Physician Office; Home Infusion,N,https://policies.example/copperfield-complete/mp-onc-1074,2026-08-01
2026-08-01,PYR10075,Stonegate Health,PLN52075,Stonegate Select PPO,Medicare Advantage,493516,J9345,Onvantra,MP-ONC-1075,2026-05-01,Covered,Y,Y,Physician Office; Home Infusion,N,https://policies.example/stonegate-select-ppo/mp-onc-1075,2026-08-01
2026-08-01,PYR10076,Harborview Health Plan,PLN52076,Harborview EPO,Managed Medicaid,1289378,J9345,Onvantra,MP-ONC-1076,2026-03-01,Covered,Y,N,Physician Office,Y,https://policies.example/harborview-epo/mp-onc-1076,2026-08-01
2026-08-01,PYR10077,Zephyr Wellness,PLN52077,Zephyr Preferred,Medicare Advantage,1904594,J9345,Onvantra,MP-ONC-1077,2026-05-01,Covered,N,N,Physician Office; Home Infusion,N,https://policies.example/zephyr-preferred/mp-onc-1077,2026-08-01
2026-08-01,PYR10078,Brightwater Health,PLN52078,Brightwater HMO,Commercial,2638600,J9345,Onvantra,MP-ONC-1078,2025-11-01,Covered,Y,N,Physician Office,N,https://policies.example/brightwater-hmo/mp-onc-1078,2026-08-01
2026-08-01,PYR10079,Stonegate Care,PLN52079,Stonegate EPO,Commercial,1728446,J9345,Onvantra,MP-ONC-1079,2025-11-01,Covered,N,Y,Outpatient Hospital; Physician Office; Home Infusion,N,https://policies.example/stonegate-epo/mp-onc-1079,2026-08-01
2026-08-01,PYR10080,Copperfield Insurance,PLN52080,Copperfield Complete,Commercial,2898101,J9345,Onvantra,MP-ONC-1080,2025-10-01,Covered,Y,N,Physician Office; Outpatient Hospital,N,https://policies.example/copperfield-complete/mp-onc-1080,2026-08-01
2026-08-01,PYR10081,Union Wellness,PLN52081,Union EPO,Commercial,611582,J9345,Onvantra,MP-ONC-1081,2026-05-01,Covered,Y,N,Physician Office; Outpatient Hospital,N,https://policies.example/union-epo/mp-onc-1081,2026-08-01
2026-08-01,PYR10082,Wayfarer Insurance,PLN52082,Wayfarer Complete,Commercial,1980861,J9345,Onvantra,MP-ONC-1082,2026-05-01,Covered,Y,Y,Outpatient Hospital; Physician Office; Home Infusion,Y,https://policies.example/wayfarer-complete/mp-onc-1082,2026-08-01
2026-08-01,PYR10083,Ridgeline Alliance,PLN52083,Ridgeline HMO,Managed Medicaid,182188,J9345,Onvantra,MP-ONC-1083,2025-10-01,Covered,N,N,Outpatient Hospital; Physician Office; Home Infusion,N,https://policies.example/ridgeline-hmo/mp-onc-1083,2026-08-01
2026-08-01,PYR10084,Ironwood Health,PLN52084,Ironwood Select PPO,Managed Medicaid,183743,J9345,Onvantra,MP-ONC-1084,2025-11-01,Covered,Y,Y,Physician Office; Home Infusion,N,https://policies.example/ironwood-select-ppo/mp-onc-1084,2026-08-01
2026-08-01,PYR10085,Yellowstone Mutual,PLN52085,Yellowstone Complete,Commercial,1986366,J9345,Onvantra,MP-ONC-1085,2025-10-01,Covered,Y,Y,Outpatient Hospital; Physician Office; Home Infusion,N,https://policies.example/yellowstone-complete/mp-onc-1085,2026-08-01
2026-08-01,PYR10086,Pinecrest Benefit,PLN52086,Pinecrest Advantage,Health Exchange,2093147,J9345,Onvantra,MP-ONC-1086,2025-10-01,Covered,Y,Y,Physician Office,N,https://policies.example/pinecrest-advantage/mp-onc-1086,2026-08-01
2026-08-01,PYR10087,Foundry Insurance,PLN52087,Foundry Choice HMO,Commercial,1710233,J9345,Onvantra,MP-ONC-1087,2025-11-01,Covered,Y,Y,Physician Office; Home Infusion,N,https://policies.example/foundry-choice-hmo/mp-onc-1087,2026-08-01
2026-08-01,PYR10088,Trailhead Benefit,PLN52088,Trailhead Complete,Health Exchange,1869054,J9345,Onvantra,MP-ONC-1088,2025-11-01,Covered,Y,N,Outpatient Hospital; Physician Office; Home Infusion,Y,https://policies.example/trailhead-complete/mp-onc-1088,2026-08-01
2026-08-01,PYR10089,Copperfield Alliance,PLN52089,Copperfield Complete,Commercial,136087,J9345,Onvantra,MP-ONC-1089,2025-10-01,Covered,Y,N,Outpatient Hospital; Physician Office; Home Infusion,Y,https://policies.example/copperfield-complete/mp-onc-1089,2026-08-01
2026-08-01,PYR10090,Vantage Mutual,PLN52090,Vantage HMO,Commercial,490890,J9345,Onvantra,MP-ONC-1090,2026-01-15,Covered,N,N,Physician Office; Outpatient Hospital,N,https://policies.example/vantage-hmo/mp-onc-1090,2026-08-01
2026-08-01,PYR10091,Sequoia Insurance,PLN52091,Sequoia Advantage,Medicare Advantage,1995633,J9345,Onvantra,MP-ONC-1091,2025-11-01,Covered,Y,Y,Physician Office; Outpatient Hospital,N,https://policies.example/sequoia-advantage/mp-onc-1091,2026-08-01
2026-08-01,PYR10092,Zephyr Health Plan,PLN52092,Zephyr HMO,Commercial,1755394,J9345,Onvantra,MP-ONC-1092,2026-01-15,Covered,Y,N,Physician Office,N,https://policies.example/zephyr-hmo/mp-onc-1092,2026-08-01
2026-08-01,PYR10093,Yellowstone Alliance,PLN52093,Yellowstone EPO,Medicare Advantage,2273970,J9345,Onvantra,MP-ONC-1093,2026-05-01,Covered,N,N,Outpatient Hospital; Physician Office; Home Infusion,Y,https://policies.example/yellowstone-epo/mp-onc-1093,2026-08-01
2026-08-01,PYR10094,Keystone Alliance,PLN52094,Keystone Choice HMO,Commercial,2940520,J9345,Onvantra,MP-ONC-1094,2025-10-01,Covered,Y,Y,Physician Office; Outpatient Hospital,N,https://policies.example/keystone-choice-hmo/mp-onc-1094,2026-08-01
2026-08-01,PYR10095,Foundry Alliance,PLN52095,Foundry Advantage,Medicare Advantage,2798712,J9345,Onvantra,MP-ONC-1095,2026-05-01,Covered,Y,Y,Physician Office,N,https://policies.example/foundry-advantage/mp-onc-1095,2026-08-01
2026-08-01,PYR10096,Yellowstone Benefit,PLN52096,Yellowstone HMO,Medicare Advantage,433221,J9345,Onvantra,MP-ONC-1096,2025-11-01,Covered,N,N,Physician Office; Outpatient Hospital,N,https://policies.example/yellowstone-hmo/mp-onc-1096,2026-08-01
2026-08-01,PYR10097,Summit Alliance,PLN52097,Summit Select PPO,Commercial,2629139,J9345,Onvantra,MP-ONC-1097,2026-05-01,Covered,N,N,Outpatient Hospital; Physician Office; Home Infusion,Y,https://policies.example/summit-select-ppo/mp-onc-1097,2026-08-01
2026-08-01,PYR10098,Keystone Benefit,PLN52098,Keystone Complete,Managed Medicaid,165571,J9345,Onvantra,MP-ONC-1098,2025-10-01,Covered,Y,N,Outpatient Hospital; Physician Office; Home Infusion,N,https://policies.example/keystone-complete/mp-onc-1098,2026-08-01
2026-08-01,PYR10099,Nautilus Care,PLN52099,Nautilus HMO,Medicare Advantage,712784,J9345,Onvantra,MP-ONC-1099,2025-10-01,Covered,Y,N,Physician Office,N,https://policies.example/nautilus-hmo/mp-onc-1099,2026-08-01
2026-08-01,PYR10100,Copperfield Benefit,PLN52100,Copperfield Choice HMO,Medicare Advantage,625563,J9345,Onvantra,MP-ONC-1100,2025-11-01,Covered,Y,Y,Physician Office; Outpatient Hospital,N,https://policies.example/copperfield-choice-hmo/mp-onc-1100,2026-08-01
2026-08-01,PYR10101,Cedar Mutual,PLN52101,Cedar POS,Medicare Advantage,2460938,J9345,Onvantra,MP-ONC-1101,2026-01-15,Covered,Y,N,Physician Office; Home Infusion,Y,https://policies.example/cedar-pos/mp-onc-1101,2026-08-01
2026-08-01,PYR10102,Prairie Insurance,PLN52102,Prairie PPO,Medicare Advantage,1221414,J9345,Onvantra,MP-ONC-1102,2026-05-01,Covered,Y,N,Physician Office; Home Infusion,N,https://policies.example/prairie-ppo/mp-onc-1102,2026-08-01
2026-08-01,PYR10103,Everest Mutual,PLN52103,Everest Select PPO,Medicare Advantage,1282190,J9345,Onvantra,MP-ONC-1103,2025-11-01,Covered,Y,Y,Physician Office; Home Infusion,N,https://policies.example/everest-select-ppo/mp-onc-1103,2026-08-01
2026-08-01,PYR10104,Keystone Benefit,PLN52104,Keystone Select PPO,Health Exchange,1253287,J9345,Onvantra,MP-ONC-1104,2026-05-01,Covered,Y,Y,Outpatient Hospital; Physician Office; Home Infusion,N,https://policies.example/keystone-select-ppo/mp-onc-1104,2026-08-01
2026-08-01,PYR10105,Harborview Alliance,PLN52105,Harborview Select PPO,Commercial,2561215,J9345,Onvantra,MP-ONC-1105,2026-01-15,Covered,Y,N,Physician Office; Outpatient Hospital,Y,https://policies.example/harborview-select-ppo/mp-onc-1105,2026-08-01
2026-08-01,PYR10106,Lakeside Care,PLN52106,Lakeside PPO,Commercial,1863946,J9345,Onvantra,MP-ONC-1106,2026-01-15,Covered,Y,N,Physician Office; Outpatient Hospital,N,https://policies.example/lakeside-ppo/mp-onc-1106,2026-08-01
2026-08-01,PYR10107,Foundry Mutual,PLN52107,Foundry EPO,Commercial,569318,J9345,Onvantra,MP-ONC-1107,2026-03-01,Covered,Y,N,Physician Office; Outpatient Hospital,N,https://policies.example/foundry-epo/mp-onc-1107,2026-08-01
2026-08-01,PYR10108,Copperfield Benefit,PLN52108,Copperfield HMO,Medicare Advantage,330828,J9345,Onvantra,MP-ONC-1108,2026-01-15,Covered,Y,N,Physician Office; Home Infusion,Y,https://policies.example/copperfield-hmo/mp-onc-1108,2026-08-01
2026-08-01,PYR10109,Cedar Mutual,PLN52109,Cedar PPO,Commercial,2265547,J9345,Onvantra,MP-ONC-1109,2026-01-15,Covered,Y,Y,Outpatient Hospital; Physician Office; Home Infusion,Y,https://policies.example/cedar-ppo/mp-onc-1109,2026-08-01
2026-08-01,PYR10110,Yellowstone Mutual,PLN52110,Yellowstone Choice HMO,Commercial,2845469,J9345,Onvantra,MP-ONC-1110,2026-05-01,Covered,Y,Y,Physician Office,Y,https://policies.example/yellowstone-choice-hmo/mp-onc-1110,2026-08-01
2026-08-01,PYR10111,Foundry Wellness,PLN52111,Foundry HMO,Health Exchange,1962279,J9345,Onvantra,MP-ONC-1111,2025-10-01,Covered,Y,Y,Physician Office,N,https://policies.example/foundry-hmo/mp-onc-1111,2026-08-01
2026-08-01,PYR10112,Granite Insurance,PLN52112,Granite Complete,Commercial,422652,J9345,Onvantra,MP-ONC-1112,2026-01-15,Covered,Y,N,Physician Office; Home Infusion,N,https://policies.example/granite-complete/mp-onc-1112,2026-08-01
2026-08-01,PYR10113,Union Mutual,PLN52113,Union EPO,Medicare Advantage,2761941,J9345,Onvantra,MP-ONC-1113,2025-10-01,Covered,Y,Y,Physician Office; Home Infusion,N,https://policies.example/union-epo/mp-onc-1113,2026-08-01
2026-08-01,PYR10114,Juniper Wellness,PLN52114,Juniper Complete,Medicare Advantage,1005328,J9345,Onvantra,MP-ONC-1114,2026-01-15,Covered,Y,N,Outpatient Hospital; Physician Office; Home Infusion,Y,https://policies.example/juniper-complete/mp-onc-1114,2026-08-01
2026-08-01,PYR10115,Harborview Mutual,PLN52115,Harborview Select PPO,Commercial,527374,J9345,Onvantra,MP-ONC-1115,2026-05-01,Covered,N,N,Physician Office; Outpatient Hospital,Y,https://policies.example/harborview-select-ppo/mp-onc-1115,2026-08-01
2026-08-01,PYR10116,Cascade Health,PLN52116,Cascade Choice HMO,Commercial,543163,J9345,Onvantra,MP-ONC-1116,2025-11-01,Covered,Y,N,Physician Office; Outpatient Hospital,Y,https://policies.example/cascade-choice-hmo/mp-onc-1116,2026-08-01
2026-08-01,PYR10117,Ironwood Benefit,PLN52117,Ironwood EPO,Managed Medicaid,26893,J9345,Onvantra,MP-ONC-1117,2026-01-15,Covered,Y,N,Physician Office; Outpatient Hospital,Y,https://policies.example/ironwood-epo/mp-onc-1117,2026-08-01
2026-08-01,PYR10118,Stonegate Care,PLN52118,Stonegate PPO,Commercial,77328,J9345,Onvantra,MP-ONC-1118,2025-11-01,Covered,Y,N,Outpatient Hospital; Physician Office; Home Infusion,N,https://policies.example/stonegate-ppo/mp-onc-1118,2026-08-01
2026-08-01,PYR10119,Bluegrass Health,PLN52119,Bluegrass EPO,Health Exchange,1780636,J9345,Onvantra,MP-ONC-1119,2026-01-15,Covered,Y,N,Physician Office; Home Infusion,N,https://policies.example/bluegrass-epo/mp-onc-1119,2026-08-01
2026-08-01,PYR10120,Sequoia Care,PLN52120,Sequoia Complete,Managed Medicaid,944247,J9345,Onvantra,MP-ONC-1120,2025-10-01,Covered,Y,N,Physician Office; Home Infusion,Y,https://policies.example/sequoia-complete/mp-onc-1120,2026-08-01
2026-08-01,PYR10121,Harborview Alliance,PLN52121,Harborview Advantage,Medicare Advantage,2892701,J9345,Onvantra,MP-ONC-1121,2025-10-01,Covered,Y,Y,Physician Office; Home Infusion,N,https://policies.example/harborview-advantage/mp-onc-1121,2026-08-01
2026-08-01,PYR10122,Foundry Health Plan,PLN52122,Foundry HMO,Commercial,1168500,J9345,Onvantra,MP-ONC-1122,2026-05-01,Covered,Y,Y,Outpatient Hospital; Physician Office; Home Infusion,N,https://policies.example/foundry-hmo/mp-onc-1122,2026-08-01
2026-08-01,PYR10123,Zephyr Mutual,PLN52123,Zephyr HMO,Health Exchange,494887,J9345,Onvantra,MP-ONC-1123,2026-03-01,Covered,Y,Y,Physician Office; Home Infusion,N,https://policies.example/zephyr-hmo/mp-onc-1123,2026-08-01
2026-08-01,PYR10124,Gateway Alliance,PLN52124,Gateway Advantage,Medicare Advantage,3075216,J9345,Onvantra,MP-ONC-1124,2026-01-15,Covered,Y,N,Physician Office; Home Infusion,N,https://policies.example/gateway-advantage/mp-onc-1124,2026-08-01
2026-08-01,PYR10125,Juniper Health Plan,PLN52125,Juniper Complete,Commercial,397624,J9345,Onvantra,MP-ONC-1125,2026-01-15,Covered,Y,N,Physician Office; Home Infusion,N,https://policies.example/juniper-complete/mp-onc-1125,2026-08-01
2026-08-01,PYR10126,Lakeside Health,PLN52126,Lakeside Preferred,Managed Medicaid,1397635,J9345,Onvantra,MP-ONC-1126,2026-03-01,Covered,Y,Y,Outpatient Hospital; Physician Office; Home Infusion,Y,https://policies.example/lakeside-preferred/mp-onc-1126,2026-08-01
2026-08-01,PYR10127,Harborview Insurance,PLN52127,Harborview Select PPO,Commercial,449532,J9345,Onvantra,MP-ONC-1127,2025-10-01,Covered,Y,N,Physician Office; Home Infusion,N,https://policies.example/harborview-select-ppo/mp-onc-1127,2026-08-01
2026-08-01,PYR10128,Highland Benefit,PLN52128,Highland HMO,Commercial,2422949,J9345,Onvantra,MP-ONC-1128,2026-01-15,Covered,Y,Y,Physician Office,Y,https://policies.example/highland-hmo/mp-onc-1128,2026-08-01
2026-08-01,PYR10129,Cascade Health Plan,PLN52129,Cascade Select PPO,Health Exchange,1310975,J9345,Onvantra,MP-ONC-1129,2025-11-01,Covered,Y,N,Physician Office,N,https://policies.example/cascade-select-ppo/mp-onc-1129,2026-08-01
2026-08-01,PYR10130,Wayfarer Mutual,PLN52130,Wayfarer HMO,Commercial,3122849,J9345,Onvantra,MP-ONC-1130,2026-03-01,Covered,Y,N,Physician Office; Outpatient Hospital,N,https://policies.example/wayfarer-hmo/mp-onc-1130,2026-08-01
2026-08-01,PYR10131,Prairie Benefit,PLN52131,Prairie EPO,Commercial,1322101,J9345,Onvantra,MP-ONC-1131,2025-11-01,Covered,Y,N,Physician Office,N,https://policies.example/prairie-epo/mp-onc-1131,2026-08-01
2026-08-01,PYR10132,Brightwater Health,PLN52132,Brightwater HMO,Commercial,1873550,J9345,Onvantra,MP-ONC-1132,2026-01-15,Covered,N,Y,Physician Office; Home Infusion,N,https://policies.example/brightwater-hmo/mp-onc-1132,2026-08-01
2026-08-01,PYR10133,Fairview Care,PLN52133,Fairview Choice HMO,Medicare Advantage,480105,J9345,Onvantra,MP-ONC-1133,2025-11-01,Covered,Y,Y,Outpatient Hospital; Physician Office; Home Infusion,N,https://policies.example/fairview-choice-hmo/mp-onc-1133,2026-08-01
2026-08-01,PYR10134,Lantern Health,PLN52134,Lantern PPO,Commercial,1279244,J9345,Onvantra,MP-ONC-1134,2026-01-15,Covered,Y,N,Outpatient Hospital; Physician Office; Home Infusion,N,https://policies.example/lantern-ppo/mp-onc-1134,2026-08-01
2026-08-01,PYR10135,Northgate Health,PLN52135,Northgate Complete,Health Exchange,1821298,J9345,Onvantra,MP-ONC-1135,2025-11-01,Covered,Y,N,Physician Office; Home Infusion,Y,https://policies.example/northgate-complete/mp-onc-1135,2026-08-01
2026-08-01,PYR10136,Sequoia Benefit,PLN52136,Sequoia HMO,Medicare Advantage,3127346,J9345,Onvantra,MP-ONC-1136,2025-10-01,Covered,Y,Y,Physician Office,N,https://policies.example/sequoia-hmo/mp-onc-1136,2026-08-01
2026-08-01,PYR10137,Foundry Mutual,PLN52137,Foundry Advantage,Health Exchange,2699948,J9345,Onvantra,MP-ONC-1137,2025-10-01,Covered,N,N,Physician Office,N,https://policies.example/foundry-advantage/mp-onc-1137,2026-08-01
2026-08-01,PYR10138,Foundry Health Plan,PLN52138,Foundry Complete,Health Exchange,1532720,J9345,Onvantra,MP-ONC-1138,2026-03-01,Covered,Y,Y,Physician Office,N,https://policies.example/foundry-complete/mp-onc-1138,2026-08-01
2026-08-01,PYR10139,Yellowstone Mutual,PLN52139,Yellowstone Preferred,Commercial,1674965,J9345,Onvantra,MP-ONC-1139,2025-11-01,Covered,Y,N,Physician Office; Outpatient Hospital,N,https://policies.example/yellowstone-preferred/mp-onc-1139,2026-08-01
2026-08-01,PYR10140,Summit Care,PLN52140,Summit Preferred,Managed Medicaid,828291,J9345,Onvantra,MP-ONC-1140,2025-10-01,Covered,Y,N,Physician Office; Outpatient Hospital,N,https://policies.example/summit-preferred/mp-onc-1140,2026-08-01
2026-08-01,PYR10141,Beacon Insurance,PLN52141,Beacon POS,Commercial,2541644,J9345,Onvantra,MP-ONC-1141,2026-03-01,Covered,Y,N,Physician Office; Outpatient Hospital,Y,https://policies.example/beacon-pos/mp-onc-1141,2026-08-01
2026-08-01,PYR10142,Prairie Alliance,PLN52142,Prairie Choice HMO,Health Exchange,1340982,J9345,Onvantra,MP-ONC-1142,2026-03-01,Covered,Y,Y,Physician Office,N,https://policies.example/prairie-choice-hmo/mp-onc-1142,2026-08-01
2026-08-01,PYR10143,Everest Insurance,PLN52143,Everest PPO,Commercial,2142925,J9345,Onvantra,MP-ONC-1143,2025-10-01,Covered,Y,N,Physician Office; Home Infusion,N,https://policies.example/everest-ppo/mp-onc-1143,2026-08-01
2026-08-01,PYR10144,Harborview Benefit,PLN52144,Harborview Select PPO,Commercial,2718927,J9345,Onvantra,MP-ONC-1144,2026-05-01,Covered,Y,Y,Physician Office; Home Infusion,Y,https://policies.example/harborview-select-ppo/mp-onc-1144,2026-08-01
2026-08-01,PYR10145,Granite Alliance,PLN52145,Granite POS,Commercial,2552578,J9345,Onvantra,MP-ONC-1145,2025-10-01,Covered,N,N,Physician Office,N,https://policies.example/granite-pos/mp-onc-1145,2026-08-01
2026-08-01,PYR10146,Gateway Care,PLN52146,Gateway Preferred,Health Exchange,738764,J9345,Onvantra,MP-ONC-1146,2026-05-01,Covered,Y,N,Physician Office; Home Infusion,N,https://policies.example/gateway-preferred/mp-onc-1146,2026-08-01
2026-08-01,PYR10147,Trailhead Health Plan,PLN52147,Trailhead Choice HMO,Commercial,1201541,J9345,Onvantra,MP-ONC-1147,2026-05-01,Covered,N,Y,Outpatient Hospital; Physician Office; Home Infusion,Y,https://policies.example/trailhead-choice-hmo/mp-onc-1147,2026-08-01
2026-08-01,PYR10148,Harborview Benefit,PLN52148,Harborview HMO,Commercial,411386,J9345,Onvantra,MP-ONC-1148,2026-05-01,Covered,N,N,Outpatient Hospital; Physician Office; Home Infusion,Y,https://policies.example/harborview-hmo/mp-onc-1148,2026-08-01
2026-08-01,PYR10149,Beacon Benefit,PLN52149,Beacon HMO,Managed Medicaid,2798390,J9345,Onvantra,MP-ONC-1149,2026-03-01,Covered,Y,N,Outpatient Hospital; Physician Office; Home Infusion,Y,https://policies.example/beacon-hmo/mp-onc-1149,2026-08-01
2026-08-01,PYR10150,Lakeside Care,PLN52150,Lakeside Select PPO,Managed Medicaid,1594907,J9345,Onvantra,MP-ONC-1150,2026-03-01,Covered,Y,N,Physician Office,Y,https://policies.example/lakeside-select-ppo/mp-onc-1150,2026-08-01
2026-08-01,PYR10151,Sequoia Benefit,PLN52151,Sequoia PPO,Commercial,1310478,J9345,Onvantra,MP-ONC-1151,2025-11-01,Covered,Y,N,Outpatient Hospital; Physician Office; Home Infusion,N,https://policies.example/sequoia-ppo/mp-onc-1151,2026-08-01
2026-08-01,PYR10152,Ironwood Health Plan,PLN52152,Ironwood EPO,Commercial,1255641,J9345,Onvantra,MP-ONC-1152,2025-11-01,Covered,Y,N,Outpatient Hospital; Physician Office; Home Infusion,Y,https://policies.example/ironwood-epo/mp-onc-1152,2026-08-01
2026-08-01,PYR10153,Zephyr Mutual,PLN52153,Zephyr EPO,Commercial,773522,J9345,Onvantra,MP-ONC-1153,2026-01-15,Covered,Y,Y,Physician Office,N,https://policies.example/zephyr-epo/mp-onc-1153,2026-08-01
2026-08-01,PYR10154,Silverpeak Alliance,PLN52154,Silverpeak Select PPO,Health Exchange,1897940,J9345,Onvantra,MP-ONC-1154,2025-11-01,Covered,Y,N,Outpatient Hospital; Physician Office; Home Infusion,N,https://policies.example/silverpeak-select-ppo/mp-onc-1154,2026-08-01
2026-08-01,PYR10155,Juniper Alliance,PLN52155,Juniper Complete,Commercial,1616689,J9345,Onvantra,MP-ONC-1155,2025-11-01,Covered,N,N,Physician Office; Outpatient Hospital,Y,https://policies.example/juniper-complete/mp-onc-1155,2026-08-01
2026-08-01,PYR10156,Bluegrass Health,PLN52156,Bluegrass Complete,Commercial,2340912,J9345,Onvantra,MP-ONC-1156,2025-11-01,Covered,Y,N,Outpatient Hospital; Physician Office; Home Infusion,N,https://policies.example/bluegrass-complete/mp-onc-1156,2026-08-01
2026-08-01,PYR10157,Redwood Alliance,PLN52157,Redwood Preferred,Commercial,1849892,J9345,Onvantra,MP-ONC-1157,2025-10-01,Covered,Y,N,Physician Office; Home Infusion,N,https://policies.example/redwood-preferred/mp-onc-1157,2026-08-01
2026-08-01,PYR10158,Monarch Health,PLN52158,Monarch Advantage,Managed Medicaid,1583508,J9345,Onvantra,MP-ONC-1158,2025-11-01,Covered,Y,Y,Physician Office,N,https://policies.example/monarch-advantage/mp-onc-1158,2026-08-01
2026-08-01,PYR10159,Cascade Benefit,PLN52159,Cascade HMO,Health Exchange,2741132,J9345,Onvantra,MP-ONC-1159,2026-01-15,Covered,Y,N,Physician Office; Outpatient Hospital,N,https://policies.example/cascade-hmo/mp-onc-1159,2026-08-01
2026-08-01,PYR10160,Quarry Health Plan,PLN52160,Quarry Complete,Medicare Advantage,2595957,J9345,Onvantra,MP-ONC-1160,2025-11-01,Covered,Y,N,Physician Office,N,https://policies.example/quarry-complete/mp-onc-1160,2026-08-01
2026-08-01,PYR10161,Beacon Mutual,PLN52161,Beacon HMO,Commercial,1011735,J9345,Onvantra,MP-ONC-1161,2026-03-01,Covered,Y,N,Physician Office,N,https://policies.example/beacon-hmo/mp-onc-1161,2026-08-01
2026-08-01,PYR10162,Brightwater Alliance,PLN52162,Brightwater HMO,Commercial,2111435,J9345,Onvantra,MP-ONC-1162,2026-03-01,Covered,Y,N,Physician Office; Outpatient Hospital,N,https://policies.example/brightwater-hmo/mp-onc-1162,2026-08-01
2026-08-01,PYR10163,Meridian Benefit,PLN52163,Meridian POS,Managed Medicaid,1762211,J9345,Onvantra,MP-ONC-1163,2026-05-01,Covered,Y,N,Outpatient Hospital; Physician Office; Home Infusion,N,https://policies.example/meridian-pos/mp-onc-1163,2026-08-01
2026-08-01,PYR10164,Union Health,PLN52164,Union Advantage,Medicare Advantage,197596,J9345,Onvantra,MP-ONC-1164,2025-10-01,Covered,N,N,Outpatient Hospital; Physician Office; Home Infusion,Y,https://policies.example/union-advantage/mp-onc-1164,2026-08-01
2026-08-01,PYR10165,Highland Care,PLN52165,Highland Choice HMO,Commercial,3089177,J9345,Onvantra,MP-ONC-1165,2026-01-15,Covered,Y,N,Physician Office; Outpatient Hospital,N,https://policies.example/highland-choice-hmo/mp-onc-1165,2026-08-01
2026-08-01,PYR10166,Union Benefit,PLN52166,Union EPO,Health Exchange,1963769,J9345,Onvantra,MP-ONC-1166,2026-03-01,Covered,N,N,Physician Office; Outpatient Hospital,N,https://policies.example/union-epo/mp-onc-1166,2026-08-01
2026-08-01,PYR10167,Granite Insurance,PLN52167,Granite POS,Commercial,851637,J9345,Onvantra,MP-ONC-1167,2026-03-01,Covered,Y,N,Outpatient Hospital; Physician Office; Home Infusion,Y,https://policies.example/granite-pos/mp-onc-1167,2026-08-01
2026-08-01,PYR10168,Union Alliance,PLN52168,Union Select PPO,Commercial,3174531,J9345,Onvantra,MP-ONC-1168,2026-01-15,Covered,Y,N,Outpatient Hospital; Physician Office; Home Infusion,N,https://policies.example/union-select-ppo/mp-onc-1168,2026-08-01
2026-08-01,PYR10169,Redwood Care,PLN52169,Redwood Choice HMO,Medicare Advantage,1692812,J9345,Onvantra,MP-ONC-1169,2026-03-01,Covered,N,Y,Outpatient Hospital; Physician Office; Home Infusion,N,https://policies.example/redwood-choice-hmo/mp-onc-1169,2026-08-01
2026-08-01,PYR10170,Ridgeline Benefit,PLN52170,Ridgeline Preferred,Commercial,361497,J9345,Onvantra,MP-ONC-1170,2025-11-01,Covered,N,N,Physician Office; Home Infusion,Y,https://policies.example/ridgeline-preferred/mp-onc-1170,2026-08-01
2026-08-01,PYR10171,Union Insurance,PLN52171,Union Choice HMO,Commercial,350833,J9345,Onvantra,MP-ONC-1171,2026-05-01,Covered,Y,N,Outpatient Hospital; Physician Office; Home Infusion,N,https://policies.example/union-choice-hmo/mp-onc-1171,2026-08-01
2026-08-01,PYR10172,Nautilus Health Plan,PLN52172,Nautilus Complete,Commercial,1890397,J9345,Onvantra,MP-ONC-1172,2025-10-01,Covered,Y,N,Physician Office; Home Infusion,N,https://policies.example/nautilus-complete/mp-onc-1172,2026-08-01
2026-08-01,PYR10173,Summit Mutual,PLN52173,Summit Choice HMO,Managed Medicaid,3160300,J9345,Onvantra,MP-ONC-1173,2026-03-01,Covered,Y,N,Physician Office; Outpatient Hospital,Y,https://policies.example/summit-choice-hmo/mp-onc-1173,2026-08-01
2026-08-01,PYR10174,Granite Health Plan,PLN52174,Granite HMO,Commercial,2721009,J9345,Onvantra,MP-ONC-1174,2025-10-01,Covered,Y,N,Physician Office; Home Infusion,Y,https://policies.example/granite-hmo/mp-onc-1174,2026-08-01
2026-08-01,PYR10175,Zephyr Health Plan,PLN52175,Zephyr Complete,Commercial,1575337,J9345,Onvantra,MP-ONC-1175,2026-01-15,Covered,N,N,Physician Office; Outpatient Hospital,Y,https://policies.example/zephyr-complete/mp-onc-1175,2026-08-01
2026-08-01,PYR10176,Lantern Benefit,PLN52176,Lantern Select PPO,Commercial,490837,J9345,Onvantra,MP-ONC-1176,2026-03-01,Covered,Y,N,Physician Office; Home Infusion,Y,https://policies.example/lantern-select-ppo/mp-onc-1176,2026-08-01
2026-08-01,PYR10177,Vantage Care,PLN52177,Vantage Select PPO,Commercial,2967948,J9345,Onvantra,MP-ONC-1177,2026-03-01,Covered,N,N,Outpatient Hospital; Physician Office; Home Infusion,Y,https://policies.example/vantage-select-ppo/mp-onc-1177,2026-08-01
2026-08-01,PYR10178,Willow Care,PLN52178,Willow EPO,Commercial,1911004,J9345,Onvantra,MP-ONC-1178,2026-01-15,Covered,Y,Y,Physician Office,Y,https://policies.example/willow-epo/mp-onc-1178,2026-08-01
2026-08-01,PYR10179,Highland Care,PLN52179,Highland Preferred,Managed Medicaid,1232867,J9345,Onvantra,MP-ONC-1179,2026-05-01,Covered,Y,N,Physician Office; Outpatient Hospital,N,https://policies.example/highland-preferred/mp-onc-1179,2026-08-01
2026-08-01,PYR10180,Ironwood Care,PLN52180,Ironwood POS,Commercial,1007943,J9345,Onvantra,MP-ONC-1180,2026-05-01,Covered,N,N,Outpatient Hospital; Physician Office; Home Infusion,Y,https://policies.example/ironwood-pos/mp-onc-1180,2026-08-01
2026-08-01,PYR10181,Juniper Alliance,PLN52181,Juniper Preferred,Commercial,2581697,J9345,Onvantra,MP-ONC-1181,2026-03-01,Covered,Y,N,Outpatient Hospital; Physician Office; Home Infusion,N,https://policies.example/juniper-preferred/mp-onc-1181,2026-08-01
2026-08-01,PYR10182,Trailhead Mutual,PLN52182,Trailhead Advantage,Managed Medicaid,324332,J9345,Onvantra,MP-ONC-1182,2026-03-01,Covered,Y,N,Physician Office,N,https://policies.example/trailhead-advantage/mp-onc-1182,2026-08-01
2026-08-01,PYR10183,Trailhead Benefit,PLN52183,Trailhead EPO,Managed Medicaid,2698490,J9345,Onvantra,MP-ONC-1183,2025-10-01,Covered,Y,N,Physician Office; Home Infusion,Y,https://policies.example/trailhead-epo/mp-onc-1183,2026-08-01
2026-08-01,PYR10184,Northgate Health Plan,PLN52184,Northgate Select PPO,Commercial,694338,J9345,Onvantra,MP-ONC-1184,2026-01-15,Covered,Y,N,Outpatient Hospital; Physician Office; Home Infusion,Y,https://policies.example/northgate-select-ppo/mp-onc-1184,2026-08-01
2026-08-01,PYR10185,Cedar Insurance,PLN52185,Cedar POS,Health Exchange,2325396,J9345,Onvantra,MP-ONC-1185,2026-05-01,Covered,Y,N,Outpatient Hospital; Physician Office; Home Infusion,Y,https://policies.example/cedar-pos/mp-onc-1185,2026-08-01
2026-08-01,PYR10186,Cedar Health Plan,PLN52186,Cedar EPO,Commercial,2777925,J9345,Onvantra,MP-ONC-1186,2025-10-01,Covered,Y,N,Physician Office,N,https://policies.example/cedar-epo/mp-onc-1186,2026-08-01
2026-08-01,PYR10187,Wayfarer Insurance,PLN52187,Wayfarer POS,Managed Medicaid,1762291,J9345,Onvantra,MP-ONC-1187,2026-01-15,Covered,Y,Y,Outpatient Hospital; Physician Office; Home Infusion,Y,https://policies.example/wayfarer-pos/mp-onc-1187,2026-08-01
2026-08-01,PYR10188,Quarry Wellness,PLN52188,Quarry Advantage,Commercial,1917301,J9345,Onvantra,MP-ONC-1188,2026-03-01,Covered,Y,N,Physician Office; Outpatient Hospital,N,https://policies.example/quarry-advantage/mp-onc-1188,2026-08-01
2026-08-01,PYR10189,Quarry Alliance,PLN52189,Quarry POS,Commercial,2559517,J9345,Onvantra,MP-ONC-1189,2026-01-15,Covered,Y,N,Outpatient Hospital; Physician Office; Home Infusion,Y,https://policies.example/quarry-pos/mp-onc-1189,2026-08-01
2026-08-01,PYR10190,Lantern Health Plan,PLN52190,Lantern Choice HMO,Managed Medicaid,2370735,J9345,Onvantra,MP-ONC-1190,2025-10-01,Covered,Y,N,Physician Office; Outpatient Hospital,N,https://policies.example/lantern-choice-hmo/mp-onc-1190,2026-08-01
2026-08-01,PYR10191,Redwood Alliance,PLN52191,Redwood POS,Commercial,421057,J9345,Onvantra,MP-ONC-1191,2026-03-01,Covered,Y,N,Physician Office; Home Infusion,Y,https://policies.example/redwood-pos/mp-onc-1191,2026-08-01
2026-08-01,PYR10192,Silverpeak Health Plan,PLN52192,Silverpeak Choice HMO,Managed Medicaid,3039631,J9345,Onvantra,MP-ONC-1192,2026-05-01,Covered,Y,N,Physician Office; Outpatient Hospital,N,https://policies.example/silverpeak-choice-hmo/mp-onc-1192,2026-08-01
2026-08-01,PYR10193,Prairie Alliance,PLN52193,Prairie Select PPO,Medicare Advantage,112208,J9345,Onvantra,MP-ONC-1193,2025-11-01,Covered,Y,Y,Physician Office; Home Infusion,N,https://policies.example/prairie-select-ppo/mp-onc-1193,2026-08-01
2026-08-01,PYR10194,Yellowstone Benefit,PLN52194,Yellowstone PPO,Commercial,1195094,J9345,Onvantra,MP-ONC-1194,2025-10-01,Covered,N,Y,Outpatient Hospital; Physician Office; Home Infusion,Y,https://policies.example/yellowstone-ppo/mp-onc-1194,2026-08-01
2026-08-01,PYR10195,Riverbend Mutual,PLN52195,Riverbend EPO,Commercial,3066389,J9345,Onvantra,MP-ONC-1195,2026-03-01,Covered,Y,Y,Outpatient Hospital; Physician Office; Home Infusion,N,https://policies.example/riverbend-epo/mp-onc-1195,2026-08-01
2026-08-01,PYR10196,Harborview Wellness,PLN52196,Harborview Choice HMO,Managed Medicaid,1225483,J9345,Onvantra,MP-ONC-1196,2026-01-15,Covered,Y,Y,Physician Office; Home Infusion,Y,https://policies.example/harborview-choice-hmo/mp-onc-1196,2026-08-01
2026-08-01,PYR10197,Brightwater Care,PLN52197,Brightwater EPO,Commercial,1667151,J9345,Onvantra,MP-ONC-1197,2025-11-01,Covered,Y,N,Outpatient Hospital; Physician Office; Home Infusion,N,https://policies.example/brightwater-epo/mp-onc-1197,2026-08-01
2026-08-01,PYR10198,Zephyr Mutual,PLN52198,Zephyr Preferred,Commercial,205016,J9345,Onvantra,MP-ONC-1198,2026-05-01,Covered,Y,N,Outpatient Hospital; Physician Office; Home Infusion,N,https://policies.example/zephyr-preferred/mp-onc-1198,2026-08-01
2026-08-01,PYR10199,Prairie Health Plan,PLN52199,Prairie Preferred,Commercial,1390588,J9345,Onvantra,MP-ONC-1199,2026-01-15,Covered,Y,N,Physician Office; Home Infusion,Y,https://policies.example/prairie-preferred/mp-onc-1199,2026-08-01
2026-08-01,PYR10200,Yellowstone Benefit,PLN52200,Yellowstone Preferred,Managed Medicaid,2247795,J9345,Onvantra,MP-ONC-1200,2026-01-15,Covered,N,N,Physician Office; Home Infusion,N,https://policies.example/yellowstone-preferred/mp-onc-1200,2026-08-01
2026-08-01,PYR10201,Gateway Care,PLN52201,Gateway Advantage,Managed Medicaid,1305494,J9345,Onvantra,MP-ONC-1201,2026-05-01,Covered,Y,Y,Outpatient Hospital; Physician Office; Home Infusion,Y,https://policies.example/gateway-advantage/mp-onc-1201,2026-08-01
2026-08-01,PYR10202,Wayfarer Wellness,PLN52202,Wayfarer PPO,Managed Medicaid,2030148,J9345,Onvantra,MP-ONC-1202,2025-11-01,Covered,Y,Y,Physician Office; Outpatient Hospital,Y,https://policies.example/wayfarer-ppo/mp-onc-1202,2026-08-01
2026-08-01,PYR10203,Granite Care,PLN52203,Granite POS,Commercial,1864849,J9345,Onvantra,MP-ONC-1203,2025-11-01,Covered,Y,Y,Physician Office; Outpatient Hospital,N,https://policies.example/granite-pos/mp-onc-1203,2026-08-01
2026-08-01,PYR10204,Monarch Alliance,PLN52204,Monarch PPO,Health Exchange,594159,J9345,Onvantra,MP-ONC-1204,2026-03-01,Covered,Y,N,Physician Office; Home Infusion,Y,https://policies.example/monarch-ppo/mp-onc-1204,2026-08-01
2026-08-01,PYR10205,Foundry Health Plan,PLN52205,Foundry Complete,Managed Medicaid,1450823,J9345,Onvantra,MP-ONC-1205,2025-11-01,Covered,Y,N,Physician Office; Home Infusion,N,https://policies.example/foundry-complete/mp-onc-1205,2026-08-01
2026-08-01,PYR10206,Redwood Insurance,PLN52206,Redwood POS,Commercial,1227171,J9345,Onvantra,MP-ONC-1206,2026-01-15,Covered,Y,Y,Outpatient Hospital; Physician Office; Home Infusion,N,https://policies.example/redwood-pos/mp-onc-1206,2026-08-01
2026-08-01,PYR10207,Vantage Insurance,PLN52207,Vantage Select PPO,Commercial,2420336,J9345,Onvantra,MP-ONC-1207,2026-01-15,Covered,N,Y,Outpatient Hospital; Physician Office; Home Infusion,N,https://policies.example/vantage-select-ppo/mp-onc-1207,2026-08-01
2026-08-01,PYR10208,Granite Insurance,PLN52208,Granite HMO,Commercial,1870459,J9345,Onvantra,MP-ONC-1208,2026-05-01,Covered,Y,Y,Physician Office; Outpatient Hospital,N,https://policies.example/granite-hmo/mp-onc-1208,2026-08-01
2026-08-01,PYR10209,Redwood Insurance,PLN52209,Redwood EPO,Commercial,2597336,J9345,Onvantra,MP-ONC-1209,2026-05-01,Covered,Y,N,Physician Office,Y,https://policies.example/redwood-epo/mp-onc-1209,2026-08-01
2026-08-01,PYR10210,Ironwood Wellness,PLN52210,Ironwood PPO,Commercial,1748511,J9345,Onvantra,MP-ONC-1210,2025-11-01,Covered,Y,Y,Physician Office,Y,https://policies.example/ironwood-ppo/mp-onc-1210,2026-08-01
2026-08-01,PYR10211,Meridian Health Plan,PLN52211,Meridian Advantage,Health Exchange,2010228,J9345,Onvantra,MP-ONC-1211,2026-01-15,Covered,N,N,Outpatient Hospital; Physician Office; Home Infusion,N,https://policies.example/meridian-advantage/mp-onc-1211,2026-08-01
2026-08-01,PYR10212,Harborview Care,PLN52212,Harborview POS,Managed Medicaid,3113275,J9345,Onvantra,MP-ONC-1212,2025-10-01,Covered,Y,N,Physician Office; Home Infusion,N,https://policies.example/harborview-pos/mp-onc-1212,2026-08-01
2026-08-01,PYR10213,Lantern Alliance,PLN52213,Lantern EPO,Health Exchange,1229112,J9345,Onvantra,MP-ONC-1213,2026-05-01,Covered,Y,N,Outpatient Hospital; Physician Office; Home Infusion,Y,https://policies.example/lantern-epo/mp-onc-1213,2026-08-01
2026-08-01,PYR10214,Riverbend Benefit,PLN52214,Riverbend Select PPO,Medicare Advantage,2704859,J9345,Onvantra,MP-ONC-1214,2025-11-01,Covered,N,N,Physician Office; Home Infusion,N,https://policies.example/riverbend-select-ppo/mp-onc-1214,2026-08-01
2026-08-01,PYR10215,Northgate Benefit,PLN52215,Northgate EPO,Health Exchange,1939826,J9345,Onvantra,MP-ONC-1215,2026-01-15,Covered,Y,N,Physician Office,Y,https://policies.example/northgate-epo/mp-onc-1215,2026-08-01
2026-08-01,PYR10216,Copperfield Wellness,PLN52216,Copperfield EPO,Managed Medicaid,2694010,J9345,Onvantra,MP-ONC-1216,2026-03-01,Covered,N,Y,Outpatient Hospital; Physician Office; Home Infusion,N,https://policies.example/copperfield-epo/mp-onc-1216,2026-08-01
2026-08-01,PYR10217,Riverbend Health Plan,PLN52217,Riverbend EPO,Medicare Advantage,1372283,J9345,Onvantra,MP-ONC-1217,2025-11-01,Covered,Y,N,Outpatient Hospital; Physician Office; Home Infusion,N,https://policies.example/riverbend-epo/mp-onc-1217,2026-08-01
2026-08-01,PYR10218,Oakmont Insurance,PLN52218,Oakmont Choice HMO,Commercial,2458017,J9345,Onvantra,MP-ONC-1218,2025-11-01,Covered,Y,N,Outpatient Hospital; Physician Office; Home Infusion,Y,https://policies.example/oakmont-choice-hmo/mp-onc-1218,2026-08-01
2026-08-01,PYR10219,Harborview Care,PLN52219,Harborview Complete,Commercial,684900,J9345,Onvantra,MP-ONC-1219,2026-01-15,Covered,N,N,Physician Office,Y,https://policies.example/harborview-complete/mp-onc-1219,2026-08-01
2026-08-01,PYR10220,Juniper Wellness,PLN52220,Juniper POS,Commercial,2020640,J9345,Onvantra,MP-ONC-1220,2026-05-01,Covered,Y,Y,Outpatient Hospital; Physician Office; Home Infusion,N,https://policies.example/juniper-pos/mp-onc-1220,2026-08-01
2026-08-01,PYR10221,Quarry Wellness,PLN52221,Quarry POS,Health Exchange,3180607,J9345,Onvantra,MP-ONC-1221,2026-05-01,Covered,Y,Y,Outpatient Hospital; Physician Office; Home Infusion,N,https://policies.example/quarry-pos/mp-onc-1221,2026-08-01
2026-08-01,PYR10222,Northgate Health,PLN52222,Northgate Preferred,Managed Medicaid,862906,J9345,Onvantra,MP-ONC-1222,2026-03-01,Covered,Y,N,Outpatient Hospital; Physician Office; Home Infusion,Y,https://policies.example/northgate-preferred/mp-onc-1222,2026-08-01
2026-08-01,PYR10223,Northgate Wellness,PLN52223,Northgate Complete,Commercial,2155669,J9345,Onvantra,MP-ONC-1223,2026-05-01,Covered,N,N,Physician Office; Home Infusion,N,https://policies.example/northgate-complete/mp-onc-1223,2026-08-01
2026-08-01,PYR10224,Monarch Alliance,PLN52224,Monarch PPO,Managed Medicaid,1954355,J9345,Onvantra,MP-ONC-1224,2025-10-01,Covered,Y,N,Physician Office; Home Infusion,N,https://policies.example/monarch-ppo/mp-onc-1224,2026-08-01
2026-08-01,PYR10225,Fairview Care,PLN52225,Fairview PPO,Medicare Advantage,1460058,J9345,Onvantra,MP-ONC-1225,2025-10-01,Covered,Y,N,Physician Office,N,https://policies.example/fairview-ppo/mp-onc-1225,2026-08-01
2026-08-01,PYR10226,Copperfield Mutual,PLN52226,Copperfield EPO,Commercial,2705750,J9345,Onvantra,MP-ONC-1226,2026-03-01,Covered,N,N,Physician Office; Home Infusion,N,https://policies.example/copperfield-epo/mp-onc-1226,2026-08-01
2026-08-01,PYR10227,Keystone Care,PLN52227,Keystone Preferred,Commercial,2756120,J9345,Onvantra,MP-ONC-1227,2026-03-01,Covered,Y,N,Physician Office; Outpatient Hospital,Y,https://policies.example/keystone-preferred/mp-onc-1227,2026-08-01
2026-08-01,PYR10228,Trailhead Health Plan,PLN52228,Trailhead POS,Commercial,3186646,J9345,Onvantra,MP-ONC-1228,2026-05-01,Covered,Y,N,Physician Office; Home Infusion,Y,https://policies.example/trailhead-pos/mp-onc-1228,2026-08-01
2026-08-01,PYR10229,Nautilus Mutual,PLN52229,Nautilus POS,Commercial,1947002,J9345,Onvantra,MP-ONC-1229,2025-10-01,Covered,Y,N,Outpatient Hospital; Physician Office; Home Infusion,N,https://policies.example/nautilus-pos/mp-onc-1229,2026-08-01
2026-08-01,PYR10230,Granite Mutual,PLN52230,Granite PPO,Commercial,879368,J9345,Onvantra,MP-ONC-1230,2026-05-01,Covered,Y,N,Physician Office,N,https://policies.example/granite-ppo/mp-onc-1230,2026-08-01
2026-08-01,PYR10231,Harborview Wellness,PLN52231,Harborview PPO,Medicare Advantage,1856143,J9345,Onvantra,MP-ONC-1231,2026-05-01,Covered,Y,N,Physician Office,N,https://policies.example/harborview-ppo/mp-onc-1231,2026-08-01
2026-08-01,PYR10232,Copperfield Wellness,PLN52232,Copperfield Choice HMO,Managed Medicaid,2522848,J9345,Onvantra,MP-ONC-1232,2026-05-01,Covered,Y,N,Outpatient Hospital; Physician Office; Home Infusion,N,https://policies.example/copperfield-choice-hmo/mp-onc-1232,2026-08-01
2026-08-01,PYR10233,Ironwood Mutual,PLN52233,Ironwood Select PPO,Commercial,270674,J9345,Onvantra,MP-ONC-1233,2026-01-15,Covered,Y,Y,Physician Office; Home Infusion,N,https://policies.example/ironwood-select-ppo/mp-onc-1233,2026-08-01
2026-08-01,PYR10234,Keystone Benefit,PLN52234,Keystone Advantage,Medicare Advantage,640864,J9345,Onvantra,MP-ONC-1234,2026-03-01,Covered,Y,Y,Physician Office; Outpatient Hospital,Y,https://policies.example/keystone-advantage/mp-onc-1234,2026-08-01
2026-08-01,PYR10235,Silverpeak Wellness,PLN52235,Silverpeak Select PPO,Health Exchange,620455,J9345,Onvantra,MP-ONC-1235,2026-05-01,Covered,N,N,Physician Office; Home Infusion,N,https://policies.example/silverpeak-select-ppo/mp-onc-1235,2026-08-01
2026-08-01,PYR10236,Trailhead Health Plan,PLN52236,Trailhead Advantage,Commercial,1084529,J9345,Onvantra,MP-ONC-1236,2026-01-15,Covered,Y,N,Physician Office,N,https://policies.example/trailhead-advantage/mp-onc-1236,2026-08-01
2026-08-01,PYR10237,Cedar Wellness,PLN52237,Cedar PPO,Commercial,1596957,J9345,Onvantra,MP-ONC-1237,2026-05-01,Covered,Y,N,Physician Office; Outpatient Hospital,Y,https://policies.example/cedar-ppo/mp-onc-1237,2026-08-01
2026-08-01,PYR10238,Fairview Alliance,PLN52238,Fairview POS,Commercial,1286662,J9345,Onvantra,MP-ONC-1238,2025-10-01,Covered,Y,N,Physician Office; Outpatient Hospital,Y,https://policies.example/fairview-pos/mp-onc-1238,2026-08-01
2026-08-01,PYR10239,Quarry Wellness,PLN52239,Quarry POS,Medicare Advantage,1018826,J9345,Onvantra,MP-ONC-1239,2026-05-01,Covered,Y,N,Physician Office; Home Infusion,N,https://policies.example/quarry-pos/mp-onc-1239,2026-08-01
2026-08-01,PYR10240,Highland Insurance,PLN52240,Highland Select PPO,Commercial,2165908,J9345,Onvantra,MP-ONC-1240,2026-03-01,Covered,N,Y,Physician Office,Y,https://policies.example/highland-select-ppo/mp-onc-1240,2026-08-01
2026-08-01,PYR10241,Foundry Wellness,PLN52241,Foundry Choice HMO,Commercial,1751148,J9345,Onvantra,MP-ONC-1241,2026-01-15,Covered,Y,N,Physician Office; Outpatient Hospital,N,https://policies.example/foundry-choice-hmo/mp-onc-1241,2026-08-01
2026-08-01,PYR10242,Vantage Mutual,PLN52242,Vantage Select PPO,Commercial,837887,J9345,Onvantra,MP-ONC-1242,2025-11-01,Covered,Y,N,Physician Office; Home Infusion,Y,https://policies.example/vantage-select-ppo/mp-onc-1242,2026-08-01
2026-08-01,PYR10243,Ridgeline Benefit,PLN52243,Ridgeline Select PPO,Medicare Advantage,3049821,J9345,Onvantra,MP-ONC-1243,2026-01-15,Covered,N,Y,Physician Office; Outpatient Hospital,Y,https://policies.example/ridgeline-select-ppo/mp-onc-1243,2026-08-01
2026-08-01,PYR10244,Pinecrest Health Plan,PLN52244,Pinecrest Preferred,Medicare Advantage,786952,J9345,Onvantra,MP-ONC-1244,2025-10-01,Covered,Y,N,Physician Office,Y,https://policies.example/pinecrest-preferred/mp-onc-1244,2026-08-01
2026-08-01,PYR10245,Meridian Mutual,PLN52245,Meridian EPO,Health Exchange,985702,J9345,Onvantra,MP-ONC-1245,2026-05-01,Covered,Y,N,Physician Office,N,https://policies.example/meridian-epo/mp-onc-1245,2026-08-01
2026-08-01,PYR10246,Prairie Benefit,PLN52246,Prairie PPO,Managed Medicaid,2689827,J9345,Onvantra,MP-ONC-1246,2026-05-01,Covered,N,Y,Physician Office,N,https://policies.example/prairie-ppo/mp-onc-1246,2026-08-01
2026-08-01,PYR10247,Vantage Mutual,PLN52247,Vantage PPO,Commercial,2235538,J9345,Onvantra,MP-ONC-1247,2026-03-01,Covered,Y,N,Physician Office,Y,https://policies.example/vantage-ppo/mp-onc-1247,2026-08-01
2026-08-01,PYR10248,Stonegate Care,PLN52248,Stonegate HMO,Managed Medicaid,639521,J9345,Onvantra,MP-ONC-1248,2026-01-15,Covered,Y,N,Outpatient Hospital; Physician Office; Home Infusion,N,https://policies.example/stonegate-hmo/mp-onc-1248,2026-08-01
2026-08-01,PYR10249,Lantern Care,PLN52249,Lantern Choice HMO,Medicare Advantage,1940176,J9345,Onvantra,MP-ONC-1249,2025-10-01,Covered,Y,N,Outpatient Hospital; Physician Office; Home Infusion,Y,https://policies.example/lantern-choice-hmo/mp-onc-1249,2026-08-01
2026-08-01,PYR10250,Granite Care,PLN52250,Granite Advantage,Medicare Advantage,1596963,J9345,Onvantra,MP-ONC-1250,2025-11-01,Covered,N,N,Physician Office,Y,https://policies.example/granite-advantage/mp-onc-1250,2026-08-01
2026-08-01,PYR10251,Cedar Alliance,PLN52251,Cedar Advantage,Health Exchange,1404449,J9345,Onvantra,MP-ONC-1251,2026-05-01,Covered,Y,N,Physician Office; Outpatient Hospital,N,https://policies.example/cedar-advantage/mp-onc-1251,2026-08-01
2026-08-01,PYR10252,Quarry Insurance,PLN52252,Quarry PPO,Commercial,2885702,J9345,Onvantra,MP-ONC-1252,2025-10-01,Covered,Y,N,Physician Office; Outpatient Hospital,N,https://policies.example/quarry-ppo/mp-onc-1252,2026-08-01
2026-08-01,PYR10253,Fairview Health Plan,PLN52253,Fairview Advantage,Commercial,1270258,J9345,Onvantra,MP-ONC-1253,2026-05-01,Covered,Y,N,Physician Office; Home Infusion,Y,https://policies.example/fairview-advantage/mp-onc-1253,2026-08-01
2026-08-01,PYR10254,Gateway Mutual,PLN52254,Gateway EPO,Health Exchange,3052362,J9345,Onvantra,MP-ONC-1254,2026-03-01,Covered,Y,N,Physician Office,N,https://policies.example/gateway-epo/mp-onc-1254,2026-08-01
2026-08-01,PYR10255,Ironwood Care,PLN52255,Ironwood Choice HMO,Managed Medicaid,2589737,J9345,Onvantra,MP-ONC-1255,2026-01-15,Covered,N,N,Physician Office,Y,https://policies.example/ironwood-choice-hmo/mp-onc-1255,2026-08-01
2026-08-01,PYR10256,Oakmont Alliance,PLN52256,Oakmont POS,Commercial,2334608,J9345,Onvantra,MP-ONC-1256,2026-05-01,Covered,N,Y,Physician Office; Outpatient Hospital,Y,https://policies.example/oakmont-pos/mp-onc-1256,2026-08-01
2026-08-01,PYR10257,Keystone Care,PLN52257,Keystone Select PPO,Commercial,3005993,J9345,Onvantra,MP-ONC-1257,2026-03-01,Covered,Y,N,Outpatient Hospital; Physician Office; Home Infusion,N,https://policies.example/keystone-select-ppo/mp-onc-1257,2026-08-01
2026-08-01,PYR10258,Beacon Mutual,PLN52258,Beacon Choice HMO,Commercial,461906,J9345,Onvantra,MP-ONC-1258,2026-01-15,Covered,Y,N,Outpatient Hospital; Physician Office; Home Infusion,N,https://policies.example/beacon-choice-hmo/mp-onc-1258,2026-08-01
2026-08-01,PYR10259,Redwood Care,PLN52259,Redwood EPO,Commercial,800978,J9345,Onvantra,MP-ONC-1259,2025-10-01,Covered,N,Y,Physician Office; Home Infusion,N,https://policies.example/redwood-epo/mp-onc-1259,2026-08-01
2026-08-01,PYR10260,Cedar Benefit,PLN52260,Cedar Preferred,Commercial,2518683,J9345,Onvantra,MP-ONC-1260,2026-03-01,Covered,Y,Y,Physician Office,N,https://policies.example/cedar-preferred/mp-onc-1260,2026-08-01
2026-08-01,PYR10261,Keystone Care,PLN52261,Keystone Preferred,Commercial,2413975,J9345,Onvantra,MP-ONC-1261,2026-01-15,Covered,Y,Y,Physician Office; Outpatient Hospital,N,https://policies.example/keystone-preferred/mp-onc-1261,2026-08-01
2026-08-01,PYR10262,Everest Insurance,PLN52262,Everest Complete,Commercial,280361,J9345,Onvantra,MP-ONC-1262,2026-01-15,Covered,Y,Y,Outpatient Hospital; Physician Office; Home Infusion,N,https://policies.example/everest-complete/mp-onc-1262,2026-08-01
2026-08-01,PYR10263,Quarry Care,PLN52263,Quarry Choice HMO,Commercial,1049273,J9345,Onvantra,MP-ONC-1263,2025-11-01,Covered,N,N,Physician Office; Home Infusion,N,https://policies.example/quarry-choice-hmo/mp-onc-1263,2026-08-01
2026-08-01,PYR10264,Everest Health,PLN52264,Everest Advantage,Commercial,2616274,J9345,Onvantra,MP-ONC-1264,2026-03-01,Covered,N,N,Physician Office; Home Infusion,N,https://policies.example/everest-advantage/mp-onc-1264,2026-08-01
2026-08-01,PYR10265,Zephyr Health Plan,PLN52265,Zephyr Select PPO,Commercial,2545051,J9345,Onvantra,MP-ONC-1265,2026-03-01,Covered,Y,Y,Outpatient Hospital; Physician Office; Home Infusion,N,https://policies.example/zephyr-select-ppo/mp-onc-1265,2026-08-01
2026-08-01,PYR10266,Foundry Insurance,PLN52266,Foundry Complete,Managed Medicaid,1031801,J9345,Onvantra,MP-ONC-1266,2026-01-15,Covered,Y,Y,Outpatient Hospital; Physician Office; Home Infusion,N,https://policies.example/foundry-complete/mp-onc-1266,2026-08-01
2026-08-01,PYR10267,Northgate Wellness,PLN52267,Northgate Preferred,Commercial,2874310,J9345,Onvantra,MP-ONC-1267,2026-01-15,Covered,Y,Y,Physician Office; Outpatient Hospital,N,https://policies.example/northgate-preferred/mp-onc-1267,2026-08-01
2026-08-01,PYR10268,Summit Mutual,PLN52268,Summit Complete,Commercial,2671403,J9345,Onvantra,MP-ONC-1268,2025-11-01,Covered,Y,N,Outpatient Hospital; Physician Office; Home Infusion,Y,https://policies.example/summit-complete/mp-onc-1268,2026-08-01
2026-08-01,PYR10269,Nautilus Mutual,PLN52269,Nautilus HMO,Medicare Advantage,2522916,J9345,Onvantra,MP-ONC-1269,2025-10-01,Covered,N,Y,Physician Office; Home Infusion,Y,https://policies.example/nautilus-hmo/mp-onc-1269,2026-08-01
2026-08-01,PYR10270,Juniper Care,PLN52270,Juniper HMO,Commercial,2773181,J9345,Onvantra,MP-ONC-1270,2026-03-01,Covered,Y,N,Physician Office,Y,https://policies.example/juniper-hmo/mp-onc-1270,2026-08-01
2026-08-01,PYR10271,Gateway Mutual,PLN52271,Gateway HMO,Commercial,428585,J9345,Onvantra,MP-ONC-1271,2026-01-15,Covered,Y,N,Physician Office; Outpatient Hospital,N,https://policies.example/gateway-hmo/mp-onc-1271,2026-08-01
2026-08-01,PYR10272,Lantern Alliance,PLN52272,Lantern Preferred,Commercial,1461898,J9345,Onvantra,MP-ONC-1272,2026-03-01,Covered,Y,Y,Physician Office,N,https://policies.example/lantern-preferred/mp-onc-1272,2026-08-01
2026-08-01,PYR10273,Cedar Care,PLN52273,Cedar EPO,Commercial,1323162,J9345,Onvantra,MP-ONC-1273,2026-03-01,Covered,Y,Y,Physician Office; Outpatient Hospital,Y,https://policies.example/cedar-epo/mp-onc-1273,2026-08-01
2026-08-01,PYR10274,Highland Alliance,PLN52274,Highland HMO,Medicare Advantage,3043262,J9345,Onvantra,MP-ONC-1274,2025-10-01,Covered,N,N,Physician Office,N,https://policies.example/highland-hmo/mp-onc-1274,2026-08-01
2026-08-01,PYR10275,Northgate Health,PLN52275,Northgate Choice HMO,Health Exchange,473700,J9345,Onvantra,MP-ONC-1275,2025-11-01,Covered,Y,N,Physician Office; Outpatient Hospital,Y,https://policies.example/northgate-choice-hmo/mp-onc-1275,2026-08-01
2026-08-01,PYR10276,Gateway Mutual,PLN52276,Gateway Complete,Commercial,1713892,J9345,Onvantra,MP-ONC-1276,2025-10-01,Covered,Y,N,Physician Office; Home Infusion,N,https://policies.example/gateway-complete/mp-onc-1276,2026-08-01
2026-08-01,PYR10277,Brightwater Wellness,PLN52277,Brightwater Complete,Managed Medicaid,1816675,J9345,Onvantra,MP-ONC-1277,2026-01-15,Covered,N,N,Physician Office; Outpatient Hospital,N,https://policies.example/brightwater-complete/mp-onc-1277,2026-08-01
2026-08-01,PYR10278,Summit Care,PLN52278,Summit Preferred,Commercial,1549247,J9345,Onvantra,MP-ONC-1278,2026-01-15,Covered,Y,N,Physician Office; Home Infusion,N,https://policies.example/summit-preferred/mp-onc-1278,2026-08-01
2026-08-01,PYR10279,Ridgeline Benefit,PLN52279,Ridgeline Advantage,Managed Medicaid,1661448,J9345,Onvantra,MP-ONC-1279,2026-05-01,Covered,Y,N,Outpatient Hospital; Physician Office; Home Infusion,N,https://policies.example/ridgeline-advantage/mp-onc-1279,2026-08-01
2026-08-01,PYR10280,Stonegate Insurance,PLN52280,Stonegate HMO,Health Exchange,576817,J9345,Onvantra,MP-ONC-1280,2025-10-01,Covered,Y,N,Physician Office; Outpatient Hospital,N,https://policies.example/stonegate-hmo/mp-onc-1280,2026-08-01
2026-08-01,PYR10281,Stonegate Benefit,PLN52281,Stonegate EPO,Managed Medicaid,1644333,J9345,Onvantra,MP-ONC-1281,2025-11-01,Covered,N,N,Physician Office; Home Infusion,N,https://policies.example/stonegate-epo/mp-onc-1281,2026-08-01
2026-08-01,PYR10282,Ridgeline Health Plan,PLN52282,Ridgeline Preferred,Commercial,2068707,J9345,Onvantra,MP-ONC-1282,2026-03-01,Covered,Y,N,Physician Office; Outpatient Hospital,N,https://policies.example/ridgeline-preferred/mp-onc-1282,2026-08-01
2026-08-01,PYR10283,Brightwater Health,PLN52283,Brightwater Choice HMO,Commercial,2047597,J9345,Onvantra,MP-ONC-1283,2026-05-01,Covered,Y,N,Physician Office; Home Infusion,Y,https://policies.example/brightwater-choice-hmo/mp-onc-1283,2026-08-01
2026-08-01,PYR10284,Ridgeline Mutual,PLN52284,Ridgeline Complete,Medicare Advantage,2993552,J9345,Onvantra,MP-ONC-1284,2026-05-01,Covered,N,Y,Physician Office; Outpatient Hospital,N,https://policies.example/ridgeline-complete/mp-onc-1284,2026-08-01
2026-08-01,PYR10285,Cascade Wellness,PLN52285,Cascade Select PPO,Commercial,1167816,J9345,Onvantra,MP-ONC-1285,2026-05-01,Covered,Y,N,Physician Office; Outpatient Hospital,N,https://policies.example/cascade-select-ppo/mp-onc-1285,2026-08-01
2026-08-01,PYR10286,Ridgeline Care,PLN52286,Ridgeline HMO,Commercial,2292952,J9345,Onvantra,MP-ONC-1286,2025-11-01,Covered,Y,N,Physician Office; Home Infusion,Y,https://policies.example/ridgeline-hmo/mp-onc-1286,2026-08-01
2026-08-01,PYR10287,Nautilus Care,PLN52287,Nautilus POS,Commercial,150184,J9345,Onvantra,MP-ONC-1287,2026-03-01,Covered,N,N,Outpatient Hospital; Physician Office; Home Infusion,N,https://policies.example/nautilus-pos/mp-onc-1287,2026-08-01
2026-08-01,PYR10288,Northgate Wellness,PLN52288,Northgate POS,Health Exchange,2480931,J9345,Onvantra,MP-ONC-1288,2025-11-01,Covered,Y,Y,Physician Office; Outpatient Hospital,Y,https://policies.example/northgate-pos/mp-onc-1288,2026-08-01
2026-08-01,PYR10289,Fairview Wellness,PLN52289,Fairview PPO,Managed Medicaid,1486426,J9345,Onvantra,MP-ONC-1289,2026-01-15,Covered,Y,N,Outpatient Hospital; Physician Office; Home Infusion,Y,https://policies.example/fairview-ppo/mp-onc-1289,2026-08-01
2026-08-01,PYR10290,Copperfield Insurance,PLN52290,Copperfield Preferred,Health Exchange,414403,J9345,Onvantra,MP-ONC-1290,2025-11-01,Covered,Y,Y,Physician Office,N,https://policies.example/copperfield-preferred/mp-onc-1290,2026-08-01
2026-08-01,PYR10291,Lakeside Wellness,PLN52291,Lakeside EPO,Health Exchange,1365971,J9345,Onvantra,MP-ONC-1291,2026-05-01,Covered,Y,Y,Physician Office; Home Infusion,N,https://policies.example/lakeside-epo/mp-onc-1291,2026-08-01
2026-08-01,PYR10292,Redwood Mutual,PLN52292,Redwood Advantage,Medicare Advantage,331738,J9345,Onvantra,MP-ONC-1292,2026-01-15,Covered,Y,Y,Outpatient Hospital; Physician Office; Home Infusion,Y,https://policies.example/redwood-advantage/mp-onc-1292,2026-08-01
2026-08-01,PYR10293,Prairie Alliance,PLN52293,Prairie Choice HMO,Managed Medicaid,25372,J9345,Onvantra,MP-ONC-1293,2026-05-01,Covered,Y,Y,Outpatient Hospital; Physician Office; Home Infusion,N,https://policies.example/prairie-choice-hmo/mp-onc-1293,2026-08-01
2026-08-01,PYR10294,Lantern Wellness,PLN52294,Lantern Advantage,Commercial,2089984,J9345,Onvantra,MP-ONC-1294,2026-05-01,Covered,Y,N,Outpatient Hospital; Physician Office; Home Infusion,N,https://policies.example/lantern-advantage/mp-onc-1294,2026-08-01
2026-08-01,PYR10295,Wayfarer Health Plan,PLN52295,Wayfarer Complete,Commercial,2877830,J9345,Onvantra,MP-ONC-1295,2026-03-01,Covered,Y,N,Physician Office,Y,https://policies.example/wayfarer-complete/mp-onc-1295,2026-08-01
2026-08-01,PYR10296,Cascade Care,PLN52296,Cascade EPO,Medicare Advantage,1929775,J9345,Onvantra,MP-ONC-1296,2025-11-01,Covered,Y,Y,Physician Office; Outpatient Hospital,Y,https://policies.example/cascade-epo/mp-onc-1296,2026-08-01
2026-08-01,PYR10297,Everest Health Plan,PLN52297,Everest Select PPO,Commercial,2760540,J9345,Onvantra,MP-ONC-1297,2025-11-01,Covered,Y,N,Physician Office,N,https://policies.example/everest-select-ppo/mp-onc-1297,2026-08-01
2026-08-01,PYR10298,Harborview Mutual,PLN52298,Harborview Select PPO,Health Exchange,2948669,J9345,Onvantra,MP-ONC-1298,2025-10-01,Covered,Y,Y,Physician Office,Y,https://policies.example/harborview-select-ppo/mp-onc-1298,2026-08-01
2026-08-01,PYR10299,Meridian Wellness,PLN52299,Meridian Complete,Commercial,571583,J9345,Onvantra,MP-ONC-1299,2026-01-15,Covered,Y,Y,Physician Office,N,https://policies.example/meridian-complete/mp-onc-1299,2026-08-01
2026-08-01,PYR10300,Northgate Mutual,PLN52300,Northgate EPO,Medicare Advantage,312075,J9345,Onvantra,MP-ONC-1300,2025-10-01,Covered,Y,Y,Physician Office,Y,https://policies.example/northgate-epo/mp-onc-1300,2026-08-01
2026-08-01,PYR10301,Riverbend Benefit,PLN52301,Riverbend Choice HMO,Commercial,590161,J9345,Onvantra,MP-ONC-1301,2026-05-01,Covered,N,N,Physician Office; Outpatient Hospital,N,https://policies.example/riverbend-choice-hmo/mp-onc-1301,2026-08-01
2026-08-01,PYR10302,Wayfarer Health,PLN52302,Wayfarer EPO,Medicare Advantage,1487988,J9345,Onvantra,MP-ONC-1302,2026-03-01,Covered,Y,N,Physician Office; Home Infusion,Y,https://policies.example/wayfarer-epo/mp-onc-1302,2026-08-01
2026-08-01,PYR10303,Fairview Care,PLN52303,Fairview HMO,Commercial,3170985,J9345,Onvantra,MP-ONC-1303,2026-01-15,Covered,Y,Y,Outpatient Hospital; Physician Office; Home Infusion,N,https://policies.example/fairview-hmo/mp-onc-1303,2026-08-01
2026-08-01,PYR10304,Lakeside Wellness,PLN52304,Lakeside Select PPO,Health Exchange,368364,J9345,Onvantra,MP-ONC-1304,2026-01-15,Covered,Y,N,Physician Office,Y,https://policies.example/lakeside-select-ppo/mp-onc-1304,2026-08-01
2026-08-01,PYR10305,Fairview Wellness,PLN52305,Fairview Advantage,Commercial,2725232,J9345,Onvantra,MP-ONC-1305,2025-10-01,Covered,Y,N,Physician Office; Home Infusion,N,https://policies.example/fairview-advantage/mp-onc-1305,2026-08-01
2026-08-01,PYR10306,Silverpeak Alliance,PLN52306,Silverpeak HMO,Managed Medicaid,65612,J9345,Onvantra,MP-ONC-1306,2026-05-01,Covered,Y,N,Physician Office; Outpatient Hospital,N,https://policies.example/silverpeak-hmo/mp-onc-1306,2026-08-01
2026-08-01,PYR10307,Monarch Benefit,PLN52307,Monarch Preferred,Health Exchange,739651,J9345,Onvantra,MP-ONC-1307,2025-10-01,Covered,N,N,Physician Office,Y,https://policies.example/monarch-preferred/mp-onc-1307,2026-08-01
2026-08-01,PYR10308,Meridian Insurance,PLN52308,Meridian POS,Commercial,268624,J9345,Onvantra,MP-ONC-1308,2026-03-01,Covered,N,N,Physician Office; Home Infusion,N,https://policies.example/meridian-pos/mp-onc-1308,2026-08-01
2026-08-01,PYR10309,Cedar Health Plan,PLN52309,Cedar Select PPO,Commercial,1314843,J9345,Onvantra,MP-ONC-1309,2026-01-15,Covered,Y,N,Physician Office; Outpatient Hospital,Y,https://policies.example/cedar-select-ppo/mp-onc-1309,2026-08-01
2026-08-01,PYR10310,Lantern Care,PLN52310,Lantern Select PPO,Health Exchange,1849949,J9345,Onvantra,MP-ONC-1310,2026-03-01,Covered,Y,N,Physician Office; Outpatient Hospital,N,https://policies.example/lantern-select-ppo/mp-onc-1310,2026-08-01
2026-08-01,PYR10311,Northgate Alliance,PLN52311,Northgate PPO,Commercial,2808740,J9345,Onvantra,MP-ONC-1311,2025-11-01,Covered,Y,N,Physician Office,Y,https://policies.example/northgate-ppo/mp-onc-1311,2026-08-01
2026-08-01,PYR10312,Meridian Health Plan,PLN52312,Meridian Complete,Commercial,2208643,J9345,Onvantra,MP-ONC-1312,2026-01-15,Covered,Y,N,Outpatient Hospital; Physician Office; Home Infusion,N,https://policies.example/meridian-complete/mp-onc-1312,2026-08-01
2026-08-01,PYR10313,Northgate Health,PLN52313,Northgate Choice HMO,Medicare Advantage,1155769,J9345,Onvantra,MP-ONC-1313,2026-03-01,Covered,Y,N,Physician Office,N,https://policies.example/northgate-choice-hmo/mp-onc-1313,2026-08-01
2026-08-01,PYR10314,Sequoia Benefit,PLN52314,Sequoia PPO,Medicare Advantage,2392692,J9345,Onvantra,MP-ONC-1314,2025-10-01,Covered,Y,N,Physician Office; Outpatient Hospital,N,https://policies.example/sequoia-ppo/mp-onc-1314,2026-08-01
2026-08-01,PYR10315,Wayfarer Care,PLN52315,Wayfarer POS,Health Exchange,2149166,J9345,Onvantra,MP-ONC-1315,2025-10-01,Covered,Y,N,Physician Office,N,https://policies.example/wayfarer-pos/mp-onc-1315,2026-08-01
2026-08-01,PYR10316,Quarry Benefit,PLN52316,Quarry Advantage,Commercial,765616,J9345,Onvantra,MP-ONC-1316,2025-11-01,Covered,Y,Y,Physician Office; Outpatient Hospital,N,https://policies.example/quarry-advantage/mp-onc-1316,2026-08-01
2026-08-01,PYR10317,Monarch Benefit,PLN52317,Monarch Select PPO,Commercial,2412195,J9345,Onvantra,MP-ONC-1317,2025-11-01,Covered,Y,N,Physician Office,N,https://policies.example/monarch-select-ppo/mp-onc-1317,2026-08-01
2026-08-01,PYR10318,Trailhead Health,PLN52318,Trailhead Advantage,Commercial,1965746,J9345,Onvantra,MP-ONC-1318,2026-05-01,Covered,Y,N,Outpatient Hospital; Physician Office; Home Infusion,N,https://policies.example/trailhead-advantage/mp-onc-1318,2026-08-01
2026-08-01,PYR10319,Prairie Health,PLN52319,Prairie Choice HMO,Commercial,1238038,J9345,Onvantra,MP-ONC-1319,2026-05-01,Covered,Y,N,Physician Office; Home Infusion,N,https://policies.example/prairie-choice-hmo/mp-onc-1319,2026-08-01
2026-08-01,PYR10320,Ridgeline Wellness,PLN52320,Ridgeline Preferred,Commercial,646521,J9345,Onvantra,MP-ONC-1320,2026-05-01,Covered,Y,Y,Physician Office,N,https://policies.example/ridgeline-preferred/mp-onc-1320,2026-08-01
2026-08-01,PYR10321,Highland Health,PLN52321,Highland Choice HMO,Commercial,3198179,J9345,Onvantra,MP-ONC-1321,2026-05-01,Covered,N,N,Physician Office,N,https://policies.example/highland-choice-hmo/mp-onc-1321,2026-08-01
2026-08-01,PYR10322,Silverpeak Mutual,PLN52322,Silverpeak Complete,Commercial,612157,J9345,Onvantra,MP-ONC-1322,2026-05-01,Covered,Y,N,Physician Office,N,https://policies.example/silverpeak-complete/mp-onc-1322,2026-08-01
2026-08-01,PYR10323,Monarch Benefit,PLN52323,Monarch Complete,Health Exchange,371106,J9345,Onvantra,MP-ONC-1323,2026-05-01,Covered,Y,N,Physician Office; Home Infusion,N,https://policies.example/monarch-complete/mp-onc-1323,2026-08-01
2026-08-01,PYR10324,Wayfarer Health,PLN52324,Wayfarer Advantage,Health Exchange,563230,J9345,Onvantra,MP-ONC-1324,2026-03-01,Covered,Y,N,Outpatient Hospital; Physician Office; Home Infusion,N,https://policies.example/wayfarer-advantage/mp-onc-1324,2026-08-01
2026-08-01,PYR10325,Foundry Benefit,PLN52325,Foundry Complete,Commercial,994836,J9345,Onvantra,MP-ONC-1325,2025-10-01,Covered,Y,N,Physician Office; Outpatient Hospital,Y,https://policies.example/foundry-complete/mp-onc-1325,2026-08-01
2026-08-01,PYR10326,Beacon Care,PLN52326,Beacon EPO,Medicare Advantage,1969776,J9345,Onvantra,MP-ONC-1326,2026-01-15,Covered,Y,Y,Physician Office,Y,https://policies.example/beacon-epo/mp-onc-1326,2026-08-01
2026-08-01,PYR10327,Fairview Alliance,PLN52327,Fairview Select PPO,Medicare Advantage,1126523,J9345,Onvantra,MP-ONC-1327,2026-01-15,Covered,Y,N,Physician Office; Outpatient Hospital,Y,https://policies.example/fairview-select-ppo/mp-onc-1327,2026-08-01
2026-08-01,PYR10328,Zephyr Health,PLN52328,Zephyr POS,Commercial,637115,J9345,Onvantra,MP-ONC-1328,2026-05-01,Covered,Y,N,Outpatient Hospital; Physician Office; Home Infusion,N,https://policies.example/zephyr-pos/mp-onc-1328,2026-08-01
2026-08-01,PYR10329,Harborview Insurance,PLN52329,Harborview Select PPO,Commercial,145367,J9345,Onvantra,MP-ONC-1329,2026-03-01,Covered,N,Y,Physician Office; Outpatient Hospital,N,https://policies.example/harborview-select-ppo/mp-onc-1329,2026-08-01
2026-08-01,PYR10330,Riverbend Health Plan,PLN52330,Riverbend HMO,Commercial,273659,J9345,Onvantra,MP-ONC-1330,2026-01-15,Covered,Y,N,Physician Office; Outpatient Hospital,N,https://policies.example/riverbend-hmo/mp-onc-1330,2026-08-01
2026-08-01,PYR10331,Cedar Insurance,PLN52331,Cedar HMO,Commercial,285415,J9345,Onvantra,MP-ONC-1331,2026-01-15,Covered,Y,Y,Physician Office; Outpatient Hospital,N,https://policies.example/cedar-hmo/mp-onc-1331,2026-08-01
2026-08-01,PYR10332,Northgate Health,PLN52332,Northgate Complete,Commercial,719597,J9345,Onvantra,MP-ONC-1332,2026-03-01,Covered,N,Y,Physician Office; Home Infusion,N,https://policies.example/northgate-complete/mp-onc-1332,2026-08-01
2026-08-01,PYR10333,Nautilus Health Plan,PLN52333,Nautilus Choice HMO,Commercial,799968,J9345,Onvantra,MP-ONC-1333,2025-10-01,Covered,Y,N,Physician Office; Home Infusion,N,https://policies.example/nautilus-choice-hmo/mp-onc-1333,2026-08-01
2026-08-01,PYR10334,Brightwater Wellness,PLN52334,Brightwater Select PPO,Medicare Advantage,1743020,J9345,Onvantra,MP-ONC-1334,2026-03-01,Covered,N,N,Physician Office,N,https://policies.example/brightwater-select-ppo/mp-onc-1334,2026-08-01
2026-08-01,PYR10335,Lakeside Mutual,PLN52335,Lakeside POS,Health Exchange,2220424,J9345,Onvantra,MP-ONC-1335,2026-01-15,Covered,Y,N,Physician Office; Home Infusion,Y,https://policies.example/lakeside-pos/mp-onc-1335,2026-08-01
2026-08-01,PYR10336,Quarry Alliance,PLN52336,Quarry Choice HMO,Managed Medicaid,2122190,J9345,Onvantra,MP-ONC-1336,2025-10-01,Covered,Y,Y,Outpatient Hospital; Physician Office; Home Infusion,N,https://policies.example/quarry-choice-hmo/mp-onc-1336,2026-08-01
2026-08-01,PYR10337,Foundry Wellness,PLN52337,Foundry PPO,Commercial,260749,J9345,Onvantra,MP-ONC-1337,2025-10-01,Covered,N,N,Physician Office; Outpatient Hospital,N,https://policies.example/foundry-ppo/mp-onc-1337,2026-08-01
2026-08-01,PYR10338,Silverpeak Wellness,PLN52338,Silverpeak Select PPO,Managed Medicaid,3106454,J9345,Onvantra,MP-ONC-1338,2025-11-01,Covered,Y,N,Physician Office; Home Infusion,N,https://policies.example/silverpeak-select-ppo/mp-onc-1338,2026-08-01
2026-08-01,PYR10339,Stonegate Wellness,PLN52339,Stonegate Choice HMO,Health Exchange,2941057,J9345,Onvantra,MP-ONC-1339,2026-05-01,Covered,Y,N,Outpatient Hospital; Physician Office; Home Infusion,Y,https://policies.example/stonegate-choice-hmo/mp-onc-1339,2026-08-01
2026-08-01,PYR10340,Beacon Wellness,PLN52340,Beacon Complete,Managed Medicaid,1311262,J9345,Onvantra,MP-ONC-1340,2025-10-01,Covered,Y,Y,Physician Office,N,https://policies.example/beacon-complete/mp-onc-1340,2026-08-01
2026-08-01,PYR10341,Ironwood Wellness,PLN52341,Ironwood PPO,Managed Medicaid,2019831,J9345,Onvantra,MP-ONC-1341,2026-01-15,Covered,Y,N,Physician Office; Outpatient Hospital,N,https://policies.example/ironwood-ppo/mp-onc-1341,2026-08-01
2026-08-01,PYR10342,Stonegate Benefit,PLN52342,Stonegate PPO,Commercial,634549,J9345,Onvantra,MP-ONC-1342,2026-01-15,Covered,Y,N,Outpatient Hospital; Physician Office; Home Infusion,N,https://policies.example/stonegate-ppo/mp-onc-1342,2026-08-01
2026-08-01,PYR10343,Lantern Care,PLN52343,Lantern Choice HMO,Commercial,1368095,J9345,Onvantra,MP-ONC-1343,2026-03-01,Covered,Y,N,Physician Office; Home Infusion,Y,https://policies.example/lantern-choice-hmo/mp-onc-1343,2026-08-01
2026-08-01,PYR10344,Foundry Health Plan,PLN52344,Foundry Preferred,Health Exchange,2589082,J9345,Onvantra,MP-ONC-1344,2026-01-15,Covered,Y,N,Physician Office; Outpatient Hospital,N,https://policies.example/foundry-preferred/mp-onc-1344,2026-08-01
2026-08-01,PYR10345,Copperfield Health Plan,PLN52345,Copperfield EPO,Health Exchange,22540,J9345,Onvantra,MP-ONC-1345,2026-01-15,Covered,N,N,Physician Office; Outpatient Hospital,Y,https://policies.example/copperfield-epo/mp-onc-1345,2026-08-01
2026-08-01,PYR10346,Brightwater Wellness,PLN52346,Brightwater HMO,Medicare Advantage,604901,J9345,Onvantra,MP-ONC-1346,2026-01-15,Covered,Y,N,Physician Office; Outpatient Hospital,N,https://policies.example/brightwater-hmo/mp-onc-1346,2026-08-01
2026-08-01,PYR10347,Pinecrest Care,PLN52347,Pinecrest Choice HMO,Medicare Advantage,62796,J9345,Onvantra,MP-ONC-1347,2025-10-01,Covered,Y,N,Physician Office; Outpatient Hospital,Y,https://policies.example/pinecrest-choice-hmo/mp-onc-1347,2026-08-01
2026-08-01,PYR10348,Highland Insurance,PLN52348,Highland HMO,Health Exchange,20373,J9345,Onvantra,MP-ONC-1348,2026-03-01,Covered,Y,Y,Physician Office; Home Infusion,Y,https://policies.example/highland-hmo/mp-onc-1348,2026-08-01
2026-08-01,PYR10349,Pinecrest Mutual,PLN52349,Pinecrest Complete,Medicare Advantage,1488170,J9345,Onvantra,MP-ONC-1349,2025-11-01,Covered,N,N,Physician Office; Home Infusion,Y,https://policies.example/pinecrest-complete/mp-onc-1349,2026-08-01
2026-08-01,PYR10350,Pinecrest Alliance,PLN52350,Pinecrest HMO,Commercial,1251936,J9345,Onvantra,MP-ONC-1350,2025-10-01,Covered,Y,N,Outpatient Hospital; Physician Office; Home Infusion,N,https://policies.example/pinecrest-hmo/mp-onc-1350,2026-08-01
2026-08-01,PYR10351,Gateway Health Plan,PLN52351,Gateway Advantage,Commercial,3085167,J9345,Onvantra,MP-ONC-1351,2026-05-01,Covered,Y,N,Outpatient Hospital; Physician Office; Home Infusion,Y,https://policies.example/gateway-advantage/mp-onc-1351,2026-08-01
2026-08-01,PYR10352,Quarry Health,PLN52352,Quarry Advantage,Health Exchange,707048,J9345,Onvantra,MP-ONC-1352,2026-01-15,Covered,N,N,Physician Office,N,https://policies.example/quarry-advantage/mp-onc-1352,2026-08-01
2026-08-01,PYR10353,Fairview Wellness,PLN52353,Fairview Advantage,Health Exchange,2339115,J9345,Onvantra,MP-ONC-1353,2025-10-01,Covered,Y,N,Outpatient Hospital; Physician Office; Home Infusion,N,https://policies.example/fairview-advantage/mp-onc-1353,2026-08-01
2026-08-01,PYR10354,Harborview Mutual,PLN52354,Harborview Preferred,Medicare Advantage,659202,J9345,Onvantra,MP-ONC-1354,2025-10-01,Covered,Y,N,Physician Office,N,https://policies.example/harborview-preferred/mp-onc-1354,2026-08-01
2026-08-01,PYR10355,Copperfield Alliance,PLN52355,Copperfield POS,Commercial,122943,J9345,Onvantra,MP-ONC-1355,2026-03-01,Covered,Y,N,Outpatient Hospital; Physician Office; Home Infusion,N,https://policies.example/copperfield-pos/mp-onc-1355,2026-08-01
2026-08-01,PYR10356,Northgate Insurance,PLN52356,Northgate Advantage,Medicare Advantage,2066420,J9345,Onvantra,MP-ONC-1356,2026-01-15,Covered,Y,N,Physician Office; Home Infusion,N,https://policies.example/northgate-advantage/mp-onc-1356,2026-08-01
2026-08-01,PYR10357,Keystone Benefit,PLN52357,Keystone EPO,Medicare Advantage,202136,J9345,Onvantra,MP-ONC-1357,2025-11-01,Covered,Y,Y,Physician Office; Home Infusion,N,https://policies.example/keystone-epo/mp-onc-1357,2026-08-01
2026-08-01,PYR10358,Redwood Health,PLN52358,Redwood EPO,Health Exchange,2814565,J9345,Onvantra,MP-ONC-1358,2026-03-01,Covered,Y,N,Outpatient Hospital; Physician Office; Home Infusion,Y,https://policies.example/redwood-epo/mp-onc-1358,2026-08-01
2026-08-01,PYR10359,Yellowstone Wellness,PLN52359,Yellowstone Preferred,Commercial,1638640,J9345,Onvantra,MP-ONC-1359,2026-01-15,Covered,N,Y,Physician Office; Outpatient Hospital,N,https://policies.example/yellowstone-preferred/mp-onc-1359,2026-08-01
2026-08-01,PYR10360,Cedar Mutual,PLN52360,Cedar PPO,Managed Medicaid,2410870,J9345,Onvantra,MP-ONC-1360,2025-11-01,Covered,Y,N,Physician Office; Home Infusion,N,https://policies.example/cedar-ppo/mp-onc-1360,2026-08-01
2026-08-01,PYR10361,Fairview Wellness,PLN52361,Fairview EPO,Commercial,1790763,J9345,Onvantra,MP-ONC-1361,2025-11-01,Covered,Y,Y,Physician Office; Outpatient Hospital,Y,https://policies.example/fairview-epo/mp-onc-1361,2026-08-01
2026-08-01,PYR10362,Zephyr Insurance,PLN52362,Zephyr Choice HMO,Health Exchange,296068,J9345,Onvantra,MP-ONC-1362,2026-01-15,Covered,Y,Y,Physician Office; Home Infusion,Y,https://policies.example/zephyr-choice-hmo/mp-onc-1362,2026-08-01
2026-08-01,PYR10363,Redwood Alliance,PLN52363,Redwood PPO,Health Exchange,2628294,J9345,Onvantra,MP-ONC-1363,2025-11-01,Covered,N,N,Physician Office; Home Infusion,N,https://policies.example/redwood-ppo/mp-onc-1363,2026-08-01
2026-08-01,PYR10364,Wayfarer Care,PLN52364,Wayfarer HMO,Managed Medicaid,438584,J9345,Onvantra,MP-ONC-1364,2026-03-01,Covered,Y,N,Physician Office; Home Infusion,N,https://policies.example/wayfarer-hmo/mp-onc-1364,2026-08-01
2026-08-01,PYR10365,Ridgeline Alliance,PLN52365,Ridgeline PPO,Commercial,1170170,J9345,Onvantra,MP-ONC-1365,2026-03-01,Covered,N,N,Physician Office; Home Infusion,N,https://policies.example/ridgeline-ppo/mp-onc-1365,2026-08-01
2026-08-01,PYR10366,Gateway Wellness,PLN52366,Gateway PPO,Health Exchange,2008209,J9345,Onvantra,MP-ONC-1366,2026-01-15,Covered,Y,N,Physician Office,N,https://policies.example/gateway-ppo/mp-onc-1366,2026-08-01
2026-08-01,PYR10367,Everest Insurance,PLN52367,Everest Complete,Health Exchange,2887477,J9345,Onvantra,MP-ONC-1367,2026-03-01,Covered,Y,N,Physician Office; Outpatient Hospital,N,https://policies.example/everest-complete/mp-onc-1367,2026-08-01
2026-08-01,PYR10368,Foundry Insurance,PLN52368,Foundry Advantage,Managed Medicaid,2722653,J9345,Onvantra,MP-ONC-1368,2026-03-01,Covered,Y,N,Physician Office; Home Infusion,N,https://policies.example/foundry-advantage/mp-onc-1368,2026-08-01
2026-08-01,PYR10369,Ridgeline Benefit,PLN52369,Ridgeline PPO,Managed Medicaid,681778,J9345,Onvantra,MP-ONC-1369,2026-05-01,Covered,Y,N,Physician Office; Home Infusion,N,https://policies.example/ridgeline-ppo/mp-onc-1369,2026-08-01
2026-08-01,PYR10370,Wayfarer Health,PLN52370,Wayfarer EPO,Commercial,856909,J9345,Onvantra,MP-ONC-1370,2025-10-01,Covered,Y,N,Physician Office,N,https://policies.example/wayfarer-epo/mp-onc-1370,2026-08-01
2026-08-01,PYR10371,Juniper Wellness,PLN52371,Juniper Select PPO,Commercial,1962073,J9345,Onvantra,MP-ONC-1371,2026-01-15,Covered,N,N,Physician Office,N,https://policies.example/juniper-select-ppo/mp-onc-1371,2026-08-01
2026-08-01,PYR10372,Ridgeline Alliance,PLN52372,Ridgeline EPO,Medicare Advantage,2476554,J9345,Onvantra,MP-ONC-1372,2025-10-01,Covered,Y,N,Physician Office; Outpatient Hospital,N,https://policies.example/ridgeline-epo/mp-onc-1372,2026-08-01
2026-08-01,PYR10373,Copperfield Health,PLN52373,Copperfield Advantage,Commercial,698283,J9345,Onvantra,MP-ONC-1373,2025-11-01,Covered,Y,N,Physician Office; Outpatient Hospital,Y,https://policies.example/copperfield-advantage/mp-onc-1373,2026-08-01
2026-08-01,PYR10374,Redwood Mutual,PLN52374,Redwood Preferred,Commercial,2876353,J9345,Onvantra,MP-ONC-1374,2025-11-01,Covered,Y,Y,Physician Office; Outpatient Hospital,Y,https://policies.example/redwood-preferred/mp-onc-1374,2026-08-01
2026-08-01,PYR10375,Zephyr Health,PLN52375,Zephyr POS,Commercial,2566579,J9345,Onvantra,MP-ONC-1375,2026-01-15,Covered,Y,N,Physician Office; Home Infusion,N,https://policies.example/zephyr-pos/mp-onc-1375,2026-08-01
2026-08-01,PYR10376,Prairie Insurance,PLN52376,Prairie POS,Medicare Advantage,1282288,J9345,Onvantra,MP-ONC-1376,2026-01-15,Covered,N,N,Physician Office,Y,https://policies.example/prairie-pos/mp-onc-1376,2026-08-01
2026-08-01,PYR10377,Vantage Insurance,PLN52377,Vantage Select PPO,Health Exchange,468423,J9345,Onvantra,MP-ONC-1377,2026-01-15,Covered,N,N,Outpatient Hospital; Physician Office; Home Infusion,N,https://policies.example/vantage-select-ppo/mp-onc-1377,2026-08-01
2026-08-01,PYR10378,Redwood Insurance,PLN52378,Redwood Select PPO,Commercial,643849,J9345,Onvantra,MP-ONC-1378,2026-01-15,Covered,Y,N,Physician Office; Home Infusion,Y,https://policies.example/redwood-select-ppo/mp-onc-1378,2026-08-01
2026-08-01,PYR10379,Lakeside Health,PLN52379,Lakeside Complete,Commercial,1103112,J9345,Onvantra,MP-ONC-1379,2025-10-01,Covered,N,Y,Physician Office; Home Infusion,Y,https://policies.example/lakeside-complete/mp-onc-1379,2026-08-01
2026-08-01,PYR10380,Yellowstone Wellness,PLN52380,Yellowstone Choice HMO,Health Exchange,3007087,J9345,Onvantra,MP-ONC-1380,2026-01-15,Covered,Y,Y,Outpatient Hospital; Physician Office; Home Infusion,Y,https://policies.example/yellowstone-choice-hmo/mp-onc-1380,2026-08-01
2026-08-01,PYR10381,Pinecrest Health Plan,PLN52381,Pinecrest Select PPO,Commercial,1989598,J9345,Onvantra,MP-ONC-1381,2026-01-15,Covered,Y,N,Physician Office; Outpatient Hospital,Y,https://policies.example/pinecrest-select-ppo/mp-onc-1381,2026-08-01
2026-08-01,PYR10382,Cedar Wellness,PLN52382,Cedar Choice HMO,Commercial,3136442,J9345,Onvantra,MP-ONC-1382,2026-01-15,Covered,Y,Y,Outpatient Hospital; Physician Office; Home Infusion,N,https://policies.example/cedar-choice-hmo/mp-onc-1382,2026-08-01
2026-08-01,PYR10383,Yellowstone Insurance,PLN52383,Yellowstone Complete,Commercial,1988573,J9345,Onvantra,MP-ONC-1383,2026-05-01,Covered,Y,N,Physician Office; Home Infusion,N,https://policies.example/yellowstone-complete/mp-onc-1383,2026-08-01
2026-08-01,PYR10384,Northgate Mutual,PLN52384,Northgate Preferred,Commercial,1747697,J9345,Onvantra,MP-ONC-1384,2026-01-15,Covered,Y,N,Physician Office; Outpatient Hospital,N,https://policies.example/northgate-preferred/mp-onc-1384,2026-08-01
2026-08-01,PYR10385,Monarch Alliance,PLN52385,Monarch EPO,Commercial,3016731,J9345,Onvantra,MP-ONC-1385,2025-11-01,Covered,Y,N,Physician Office; Home Infusion,N,https://policies.example/monarch-epo/mp-onc-1385,2026-08-01
2026-08-01,PYR10386,Foundry Health,PLN52386,Foundry PPO,Medicare Advantage,1162259,J9345,Onvantra,MP-ONC-1386,2025-10-01,Covered,Y,N,Physician Office; Outpatient Hospital,N,https://policies.example/foundry-ppo/mp-onc-1386,2026-08-01
2026-08-01,PYR10387,Lakeside Mutual,PLN52387,Lakeside Advantage,Medicare Advantage,1814463,J9345,Onvantra,MP-ONC-1387,2026-05-01,Covered,N,Y,Physician Office,N,https://policies.example/lakeside-advantage/mp-onc-1387,2026-08-01
2026-08-01,PYR10388,Willow Benefit,PLN52388,Willow PPO,Commercial,3189449,J9345,Onvantra,MP-ONC-1388,2025-11-01,Covered,Y,N,Physician Office,Y,https://policies.example/willow-ppo/mp-onc-1388,2026-08-01
2026-08-01,PYR10389,Ironwood Benefit,PLN52389,Ironwood Select PPO,Commercial,445789,J9345,Onvantra,MP-ONC-1389,2025-10-01,Covered,N,N,Physician Office; Outpatient Hospital,N,https://policies.example/ironwood-select-ppo/mp-onc-1389,2026-08-01
2026-08-01,PYR10390,Everest Insurance,PLN52390,Everest Complete,Health Exchange,2197247,J9345,Onvantra,MP-ONC-1390,2026-03-01,Covered,Y,Y,Physician Office; Outpatient Hospital,N,https://policies.example/everest-complete/mp-onc-1390,2026-08-01
2026-08-01,PYR10391,Highland Wellness,PLN52391,Highland EPO,Medicare Advantage,95214,J9345,Onvantra,MP-ONC-1391,2025-10-01,Covered,Y,N,Physician Office; Outpatient Hospital,N,https://policies.example/highland-epo/mp-onc-1391,2026-08-01
2026-08-01,PYR10392,Yellowstone Health Plan,PLN52392,Yellowstone HMO,Commercial,2997611,J9345,Onvantra,MP-ONC-1392,2026-05-01,Covered,Y,Y,Outpatient Hospital; Physician Office; Home Infusion,Y,https://policies.example/yellowstone-hmo/mp-onc-1392,2026-08-01
2026-08-01,PYR10393,Harborview Health,PLN52393,Harborview HMO,Health Exchange,97802,J9345,Onvantra,MP-ONC-1393,2026-03-01,Covered,Y,N,Physician Office; Home Infusion,N,https://policies.example/harborview-hmo/mp-onc-1393,2026-08-01
2026-08-01,PYR10394,Northgate Insurance,PLN52394,Northgate Complete,Health Exchange,657261,J9345,Onvantra,MP-ONC-1394,2025-10-01,Covered,Y,N,Outpatient Hospital; Physician Office; Home Infusion,N,https://policies.example/northgate-complete/mp-onc-1394,2026-08-01
2026-08-01,PYR10395,Trailhead Insurance,PLN52395,Trailhead EPO,Medicare Advantage,455042,J9345,Onvantra,MP-ONC-1395,2026-03-01,Covered,Y,N,Physician Office,N,https://policies.example/trailhead-epo/mp-onc-1395,2026-08-01
2026-08-01,PYR10396,Willow Wellness,PLN52396,Willow Select PPO,Managed Medicaid,860878,J9345,Onvantra,MP-ONC-1396,2025-10-01,Covered,Y,Y,Outpatient Hospital; Physician Office; Home Infusion,N,https://policies.example/willow-select-ppo/mp-onc-1396,2026-08-01
2026-08-01,PYR10397,Vantage Alliance,PLN52397,Vantage POS,Health Exchange,2031050,J9345,Onvantra,MP-ONC-1397,2025-10-01,Covered,Y,N,Physician Office,N,https://policies.example/vantage-pos/mp-onc-1397,2026-08-01
2026-08-01,PYR10398,Northgate Alliance,PLN52398,Northgate EPO,Commercial,2161247,J9345,Onvantra,MP-ONC-1398,2025-11-01,Covered,Y,N,Outpatient Hospital; Physician Office; Home Infusion,Y,https://policies.example/northgate-epo/mp-onc-1398,2026-08-01
2026-08-01,PYR10399,Prairie Insurance,PLN52399,Prairie Select PPO,Medicare Advantage,225051,J9345,Onvantra,MP-ONC-1399,2026-01-15,Covered,Y,N,Physician Office,N,https://policies.example/prairie-select-ppo/mp-onc-1399,2026-08-01
2026-08-01,PYR10400,Foundry Mutual,PLN52400,Foundry HMO,Commercial,3195138,J9345,Onvantra,MP-ONC-1400,2025-11-01,Covered,Y,N,Physician Office; Outpatient Hospital,Y,https://policies.example/foundry-hmo/mp-onc-1400,2026-08-01
2026-08-01,PYR10401,Gateway Benefit,PLN52401,Gateway Complete,Managed Medicaid,1140371,J9345,Onvantra,MP-ONC-1401,2025-10-01,Covered,Y,N,Outpatient Hospital; Physician Office; Home Infusion,N,https://policies.example/gateway-complete/mp-onc-1401,2026-08-01
2026-08-01,PYR10402,Lantern Mutual,PLN52402,Lantern Complete,Commercial,1632808,J9345,Onvantra,MP-ONC-1402,2025-11-01,Covered,N,Y,Physician Office; Outpatient Hospital,N,https://policies.example/lantern-complete/mp-onc-1402,2026-08-01
2026-08-01,PYR10403,Harborview Health Plan,PLN52403,Harborview HMO,Medicare Advantage,2492786,J9345,Onvantra,MP-ONC-1403,2026-03-01,Covered,N,Y,Physician Office; Outpatient Hospital,Y,https://policies.example/harborview-hmo/mp-onc-1403,2026-08-01
2026-08-01,PYR10404,Highland Health,PLN52404,Highland EPO,Medicare Advantage,2062335,J9345,Onvantra,MP-ONC-1404,2025-10-01,Covered,Y,Y,Physician Office; Home Infusion,N,https://policies.example/highland-epo/mp-onc-1404,2026-08-01
2026-08-01,PYR10405,Bluegrass Benefit,PLN52405,Bluegrass PPO,Health Exchange,2858439,J9345,Onvantra,MP-ONC-1405,2025-11-01,Covered,Y,N,Physician Office,N,https://policies.example/bluegrass-ppo/mp-onc-1405,2026-08-01
2026-08-01,PYR10406,Quarry Benefit,PLN52406,Quarry Advantage,Commercial,2356865,J9345,Onvantra,MP-ONC-1406,2026-03-01,Covered,Y,N,Physician Office; Outpatient Hospital,Y,https://policies.example/quarry-advantage/mp-onc-1406,2026-08-01
2026-08-01,PYR10407,Ridgeline Health Plan,PLN52407,Ridgeline HMO,Medicare Advantage,1359835,J9345,Onvantra,MP-ONC-1407,2026-05-01,Covered,Y,N,Outpatient Hospital; Physician Office; Home Infusion,N,https://policies.example/ridgeline-hmo/mp-onc-1407,2026-08-01
2026-08-01,PYR10408,Ironwood Mutual,PLN52408,Ironwood Advantage,Commercial,345639,J9345,Onvantra,MP-ONC-1408,2026-03-01,Covered,N,Y,Physician Office; Home Infusion,N,https://policies.example/ironwood-advantage/mp-onc-1408,2026-08-01
2026-08-01,PYR10409,Oakmont Benefit,PLN52409,Oakmont HMO,Medicare Advantage,3140758,J9345,Onvantra,MP-ONC-1409,2025-10-01,Covered,Y,N,Physician Office; Home Infusion,N,https://policies.example/oakmont-hmo/mp-onc-1409,2026-08-01
2026-08-01,PYR10410,Vantage Health,PLN52410,Vantage HMO,Managed Medicaid,2611551,J9345,Onvantra,MP-ONC-1410,2026-01-15,Covered,Y,N,Physician Office; Home Infusion,N,https://policies.example/vantage-hmo/mp-onc-1410,2026-08-01
2026-08-01,PYR10411,Harborview Wellness,PLN52411,Harborview Complete,Commercial,2364442,J9345,Onvantra,MP-ONC-1411,2025-10-01,Covered,N,N,Physician Office; Home Infusion,N,https://policies.example/harborview-complete/mp-onc-1411,2026-08-01
2026-08-01,PYR10412,Ironwood Health,PLN52412,Ironwood Choice HMO,Commercial,2672767,J9345,Onvantra,MP-ONC-1412,2025-11-01,Covered,Y,N,Physician Office,N,https://policies.example/ironwood-choice-hmo/mp-onc-1412,2026-08-01
2026-08-01,PYR10413,Ridgeline Health Plan,PLN52413,Ridgeline Advantage,Commercial,1081566,J9345,Onvantra,MP-ONC-1413,2025-11-01,Covered,Y,N,Physician Office,N,https://policies.example/ridgeline-advantage/mp-onc-1413,2026-08-01
2026-08-01,PYR10414,Prairie Wellness,PLN52414,Prairie Choice HMO,Commercial,3190714,J9345,Onvantra,MP-ONC-1414,2026-03-01,Covered,N,N,Physician Office,N,https://policies.example/prairie-choice-hmo/mp-onc-1414,2026-08-01
2026-08-01,PYR10415,Yellowstone Health Plan,PLN52415,Yellowstone Complete,Commercial,2239509,J9345,Onvantra,MP-ONC-1415,2025-11-01,Covered,Y,Y,Physician Office; Home Infusion,Y,https://policies.example/yellowstone-complete/mp-onc-1415,2026-08-01
2026-08-01,PYR10416,Yellowstone Health Plan,PLN52416,Yellowstone EPO,Commercial,1639896,J9345,Onvantra,MP-ONC-1416,2025-11-01,Covered,Y,Y,Physician Office; Home Infusion,Y,https://policies.example/yellowstone-epo/mp-onc-1416,2026-08-01
2026-08-01,PYR10417,Redwood Mutual,PLN52417,Redwood Choice HMO,Commercial,1914372,J9345,Onvantra,MP-ONC-1417,2026-05-01,Covered,Y,N,Physician Office; Home Infusion,Y,https://policies.example/redwood-choice-hmo/mp-onc-1417,2026-08-01
2026-08-01,PYR10418,Everest Benefit,PLN52418,Everest Preferred,Health Exchange,926600,J9345,Onvantra,MP-ONC-1418,2026-01-15,Covered,Y,N,Outpatient Hospital; Physician Office; Home Infusion,Y,https://policies.example/everest-preferred/mp-onc-1418,2026-08-01
2026-08-01,PYR10419,Lakeside Health Plan,PLN52419,Lakeside Preferred,Managed Medicaid,2927155,J9345,Onvantra,MP-ONC-1419,2026-03-01,Covered,Y,N,Outpatient Hospital; Physician Office; Home Infusion,Y,https://policies.example/lakeside-preferred/mp-onc-1419,2026-08-01
2026-08-01,PYR10420,Yellowstone Mutual,PLN52420,Yellowstone Preferred,Commercial,1786616,J9345,Onvantra,MP-ONC-1420,2025-11-01,Covered,Y,N,Physician Office,N,https://policies.example/yellowstone-preferred/mp-onc-1420,2026-08-01
2026-08-01,PYR10421,Harborview Health,PLN52421,Harborview POS,Commercial,3161504,J9345,Onvantra,MP-ONC-1421,2025-10-01,Covered,Y,N,Outpatient Hospital; Physician Office; Home Infusion,N,https://policies.example/harborview-pos/mp-onc-1421,2026-08-01
2026-08-01,PYR10422,Copperfield Wellness,PLN52422,Copperfield Preferred,Commercial,1519423,J9345,Onvantra,MP-ONC-1422,2026-05-01,Covered,N,N,Physician Office; Outpatient Hospital,Y,https://policies.example/copperfield-preferred/mp-onc-1422,2026-08-01
2026-08-01,PYR10423,Keystone Wellness,PLN52423,Keystone Preferred,Health Exchange,1221443,J9345,Onvantra,MP-ONC-1423,2026-01-15,Covered,Y,Y,Physician Office; Home Infusion,N,https://policies.example/keystone-preferred/mp-onc-1423,2026-08-01
2026-08-01,PYR10424,Vantage Health,PLN52424,Vantage PPO,Health Exchange,1069201,J9345,Onvantra,MP-ONC-1424,2026-01-15,Covered,Y,Y,Physician Office; Outpatient Hospital,Y,https://policies.example/vantage-ppo/mp-onc-1424,2026-08-01
2026-08-01,PYR10425,Yellowstone Wellness,PLN52425,Yellowstone POS,Commercial,1897466,J9345,Onvantra,MP-ONC-1425,2026-05-01,Covered,Y,N,Physician Office; Outpatient Hospital,N,https://policies.example/yellowstone-pos/mp-onc-1425,2026-08-01
2026-08-01,PYR10426,Northgate Mutual,PLN52426,Northgate PPO,Medicare Advantage,1185681,J9345,Onvantra,MP-ONC-1426,2026-01-15,Covered,Y,N,Physician Office; Outpatient Hospital,Y,https://policies.example/northgate-ppo/mp-onc-1426,2026-08-01
2026-08-01,PYR10427,Meridian Benefit,PLN52427,Meridian Complete,Health Exchange,664302,J9345,Onvantra,MP-ONC-1427,2025-10-01,Covered,Y,N,Outpatient Hospital; Physician Office; Home Infusion,Y,https://policies.example/meridian-complete/mp-onc-1427,2026-08-01
2026-08-01,PYR10428,Brightwater Insurance,PLN52428,Brightwater Complete,Managed Medicaid,2322539,J9345,Onvantra,MP-ONC-1428,2025-11-01,Covered,Y,N,Outpatient Hospital; Physician Office; Home Infusion,Y,https://policies.example/brightwater-complete/mp-onc-1428,2026-08-01
2026-08-01,PYR10429,Stonegate Care,PLN52429,Stonegate Preferred,Commercial,1759542,J9345,Onvantra,MP-ONC-1429,2025-11-01,Covered,N,N,Outpatient Hospital; Physician Office; Home Infusion,N,https://policies.example/stonegate-preferred/mp-onc-1429,2026-08-01
2026-08-01,PYR10430,Gateway Benefit,PLN52430,Gateway Choice HMO,Commercial,931225,J9345,Onvantra,MP-ONC-1430,2026-01-15,Covered,N,N,Physician Office,Y,https://policies.example/gateway-choice-hmo/mp-onc-1430,2026-08-01
2026-08-01,PYR10431,Oakmont Wellness,PLN52431,Oakmont POS,Commercial,2877827,J9345,Onvantra,MP-ONC-1431,2026-01-15,Covered,Y,Y,Physician Office,N,https://policies.example/oakmont-pos/mp-onc-1431,2026-08-01
2026-08-01,PYR10432,Union Insurance,PLN52432,Union PPO,Managed Medicaid,1587688,J9345,Onvantra,MP-ONC-1432,2025-11-01,Covered,N,Y,Physician Office,N,https://policies.example/union-ppo/mp-onc-1432,2026-08-01
2026-08-01,PYR10433,Foundry Care,PLN52433,Foundry HMO,Commercial,2271429,J9345,Onvantra,MP-ONC-1433,2025-11-01,Covered,Y,N,Physician Office; Outpatient Hospital,Y,https://policies.example/foundry-hmo/mp-onc-1433,2026-08-01
2026-08-01,PYR10434,Nautilus Care,PLN52434,Nautilus POS,Managed Medicaid,2962517,J9345,Onvantra,MP-ONC-1434,2026-03-01,Covered,N,N,Physician Office; Outpatient Hospital,N,https://policies.example/nautilus-pos/mp-onc-1434,2026-08-01
2026-08-01,PYR10435,Gateway Health,PLN52435,Gateway HMO,Commercial,242616,J9345,Onvantra,MP-ONC-1435,2025-11-01,Covered,Y,N,Physician Office,Y,https://policies.example/gateway-hmo/mp-onc-1435,2026-08-01
2026-08-01,PYR10436,Bluegrass Mutual,PLN52436,Bluegrass Advantage,Medicare Advantage,2658322,J9345,Onvantra,MP-ONC-1436,2026-03-01,Covered,N,Y,Outpatient Hospital; Physician Office; Home Infusion,N,https://policies.example/bluegrass-advantage/mp-onc-1436,2026-08-01
2026-08-01,PYR10437,Northgate Health,PLN52437,Northgate HMO,Health Exchange,2471218,J9345,Onvantra,MP-ONC-1437,2025-10-01,Covered,Y,N,Outpatient Hospital; Physician Office; Home Infusion,Y,https://policies.example/northgate-hmo/mp-onc-1437,2026-08-01
2026-08-01,PYR10438,Copperfield Insurance,PLN52438,Copperfield HMO,Commercial,1850746,J9345,Onvantra,MP-ONC-1438,2025-11-01,Covered,N,Y,Physician Office,N,https://policies.example/copperfield-hmo/mp-onc-1438,2026-08-01
2026-08-01,PYR10439,Union Wellness,PLN52439,Union EPO,Health Exchange,1654941,J9345,Onvantra,MP-ONC-1439,2026-01-15,Covered,Y,N,Outpatient Hospital; Physician Office; Home Infusion,Y,https://policies.example/union-epo/mp-onc-1439,2026-08-01
2026-08-01,PYR10440,Meridian Health Plan,PLN52440,Meridian HMO,Commercial,36096,J9345,Onvantra,MP-ONC-1440,2026-01-15,Covered,N,N,Outpatient Hospital; Physician Office; Home Infusion,N,https://policies.example/meridian-hmo/mp-onc-1440,2026-08-01
2026-08-01,PYR10441,Fairview Mutual,PLN52441,Fairview Preferred,Commercial,690091,J9345,Onvantra,MP-ONC-1441,2025-10-01,Covered,Y,N,Outpatient Hospital; Physician Office; Home Infusion,N,https://policies.example/fairview-preferred/mp-onc-1441,2026-08-01
2026-08-01,PYR10442,Stonegate Health,PLN52442,Stonegate Preferred,Medicare Advantage,2718960,J9345,Onvantra,MP-ONC-1442,2025-10-01,Covered,Y,N,Physician Office,N,https://policies.example/stonegate-preferred/mp-onc-1442,2026-08-01
2026-08-01,PYR10443,Willow Alliance,PLN52443,Willow Choice HMO,Commercial,552773,J9345,Onvantra,MP-ONC-1443,2025-10-01,Covered,Y,N,Outpatient Hospital; Physician Office; Home Infusion,Y,https://policies.example/willow-choice-hmo/mp-onc-1443,2026-08-01
2026-08-01,PYR10444,Willow Benefit,PLN52444,Willow Complete,Medicare Advantage,1392183,J9345,Onvantra,MP-ONC-1444,2026-03-01,Covered,Y,N,Outpatient Hospital; Physician Office; Home Infusion,N,https://policies.example/willow-complete/mp-onc-1444,2026-08-01
2026-08-01,PYR10445,Pinecrest Health,PLN52445,Pinecrest Choice HMO,Commercial,944146,J9345,Onvantra,MP-ONC-1445,2026-01-15,Covered,N,N,Outpatient Hospital; Physician Office; Home Infusion,N,https://policies.example/pinecrest-choice-hmo/mp-onc-1445,2026-08-01
2026-08-01,PYR10446,Quarry Alliance,PLN52446,Quarry Complete,Commercial,1296241,J9345,Onvantra,MP-ONC-1446,2026-05-01,Covered,N,N,Physician Office; Outpatient Hospital,Y,https://policies.example/quarry-complete/mp-onc-1446,2026-08-01
2026-08-01,PYR10447,Cedar Insurance,PLN52447,Cedar EPO,Managed Medicaid,838895,J9345,Onvantra,MP-ONC-1447,2026-05-01,Covered,Y,N,Physician Office,N,https://policies.example/cedar-epo/mp-onc-1447,2026-08-01
2026-08-01,PYR10448,Cascade Mutual,PLN52448,Cascade POS,Commercial,2328552,J9345,Onvantra,MP-ONC-1448,2026-03-01,Covered,Y,Y,Physician Office; Outpatient Hospital,N,https://policies.example/cascade-pos/mp-onc-1448,2026-08-01
2026-08-01,PYR10449,Ironwood Insurance,PLN52449,Ironwood EPO,Medicare Advantage,2116862,J9345,Onvantra,MP-ONC-1449,2025-10-01,Covered,Y,Y,Outpatient Hospital; Physician Office; Home Infusion,Y,https://policies.example/ironwood-epo/mp-onc-1449,2026-08-01
2026-08-01,PYR10450,Silverpeak Health Plan,PLN52450,Silverpeak Preferred,Commercial,1886584,J9345,Onvantra,MP-ONC-1450,2026-03-01,Covered,Y,N,Physician Office; Outpatient Hospital,Y,https://policies.example/silverpeak-preferred/mp-onc-1450,2026-08-01
2026-08-01,PYR10451,Highland Health,PLN52451,Highland POS,Medicare Advantage,987029,J9345,Onvantra,MP-ONC-1451,2025-10-01,Covered,Y,N,Outpatient Hospital; Physician Office; Home Infusion,N,https://policies.example/highland-pos/mp-onc-1451,2026-08-01
2026-08-01,PYR10452,Fairview Benefit,PLN52452,Fairview Advantage,Medicare Advantage,1921912,J9345,Onvantra,MP-ONC-1452,2026-05-01,Covered,Y,N,Outpatient Hospital; Physician Office; Home Infusion,N,https://policies.example/fairview-advantage/mp-onc-1452,2026-08-01
2026-08-01,PYR10453,Redwood Insurance,PLN52453,Redwood Preferred,Managed Medicaid,744178,J9345,Onvantra,MP-ONC-1453,2025-10-01,Covered,N,Y,Outpatient Hospital; Physician Office; Home Infusion,Y,https://policies.example/redwood-preferred/mp-onc-1453,2026-08-01
2026-08-01,PYR10454,Trailhead Insurance,PLN52454,Trailhead Advantage,Commercial,2180820,J9345,Onvantra,MP-ONC-1454,2026-03-01,Covered,N,N,Outpatient Hospital; Physician Office; Home Infusion,N,https://policies.example/trailhead-advantage/mp-onc-1454,2026-08-01
2026-08-01,PYR10455,Zephyr Health,PLN52455,Zephyr Preferred,Commercial,1860068,J9345,Onvantra,MP-ONC-1455,2026-01-15,Covered,Y,N,Physician Office,Y,https://policies.example/zephyr-preferred/mp-onc-1455,2026-08-01
2026-08-01,PYR10456,Fairview Health Plan,PLN52456,Fairview EPO,Commercial,1534273,J9345,Onvantra,MP-ONC-1456,2025-10-01,Covered,Y,N,Physician Office; Home Infusion,N,https://policies.example/fairview-epo/mp-onc-1456,2026-08-01
2026-08-01,PYR10457,Quarry Alliance,PLN52457,Quarry Complete,Commercial,2492956,J9345,Onvantra,MP-ONC-1457,2025-10-01,Covered,Y,Y,Physician Office,N,https://policies.example/quarry-complete/mp-onc-1457,2026-08-01
2026-08-01,PYR10458,Lakeside Health Plan,PLN52458,Lakeside EPO,Health Exchange,2165179,J9345,Onvantra,MP-ONC-1458,2026-01-15,Covered,Y,N,Physician Office,N,https://policies.example/lakeside-epo/mp-onc-1458,2026-08-01
2026-08-01,PYR10459,Stonegate Mutual,PLN52459,Stonegate PPO,Health Exchange,3068345,J9345,Onvantra,MP-ONC-1459,2026-05-01,Covered,Y,N,Physician Office; Outpatient Hospital,N,https://policies.example/stonegate-ppo/mp-onc-1459,2026-08-01
2026-08-01,PYR10460,Quarry Alliance,PLN52460,Quarry EPO,Commercial,1737881,J9345,Onvantra,MP-ONC-1460,2026-01-15,Covered,Y,N,Outpatient Hospital; Physician Office; Home Infusion,N,https://policies.example/quarry-epo/mp-onc-1460,2026-08-01
2026-08-01,PYR10461,Prairie Care,PLN52461,Prairie POS,Medicare Advantage,1631744,J9345,Onvantra,MP-ONC-1461,2026-05-01,Covered,Y,N,Physician Office,N,https://policies.example/prairie-pos/mp-onc-1461,2026-08-01
2026-08-01,PYR10462,Sequoia Mutual,PLN52462,Sequoia EPO,Managed Medicaid,418905,J9345,Onvantra,MP-ONC-1462,2026-05-01,Covered,Y,Y,Physician Office,Y,https://policies.example/sequoia-epo/mp-onc-1462,2026-08-01
2026-08-01,PYR10463,Northgate Care,PLN52463,Northgate Complete,Health Exchange,561638,J9345,Onvantra,MP-ONC-1463,2025-10-01,Covered,Y,Y,Physician Office; Home Infusion,N,https://policies.example/northgate-complete/mp-onc-1463,2026-08-01
2026-08-01,PYR10464,Trailhead Mutual,PLN52464,Trailhead POS,Medicare Advantage,1614021,J9345,Onvantra,MP-ONC-1464,2026-01-15,Covered,Y,N,Physician Office; Home Infusion,N,https://policies.example/trailhead-pos/mp-onc-1464,2026-08-01
2026-08-01,PYR10465,Quarry Wellness,PLN52465,Quarry HMO,Commercial,2524419,J9345,Onvantra,MP-ONC-1465,2025-10-01,Covered,N,N,Physician Office; Outpatient Hospital,N,https://policies.example/quarry-hmo/mp-onc-1465,2026-08-01
2026-08-01,PYR10466,Wayfarer Care,PLN52466,Wayfarer Preferred,Commercial,1587989,J9345,Onvantra,MP-ONC-1466,2025-10-01,Covered,Y,N,Physician Office; Home Infusion,N,https://policies.example/wayfarer-preferred/mp-onc-1466,2026-08-01
2026-08-01,PYR10467,Beacon Mutual,PLN52467,Beacon Select PPO,Commercial,2263586,J9345,Onvantra,MP-ONC-1467,2026-03-01,Covered,N,N,Outpatient Hospital; Physician Office; Home Infusion,Y,https://policies.example/beacon-select-ppo/mp-onc-1467,2026-08-01
2026-08-01,PYR10468,Fairview Mutual,PLN52468,Fairview Preferred,Managed Medicaid,2038616,J9345,Onvantra,MP-ONC-1468,2026-01-15,Covered,Y,N,Physician Office; Home Infusion,N,https://policies.example/fairview-preferred/mp-onc-1468,2026-08-01
2026-08-01,PYR10469,Wayfarer Benefit,PLN52469,Wayfarer Advantage,Health Exchange,594101,J9345,Onvantra,MP-ONC-1469,2025-11-01,Covered,Y,N,Physician Office; Home Infusion,Y,https://policies.example/wayfarer-advantage/mp-onc-1469,2026-08-01
2026-08-01,PYR10470,Riverbend Wellness,PLN52470,Riverbend Preferred,Medicare Advantage,1434511,J9345,Onvantra,MP-ONC-1470,2025-10-01,Covered,Y,N,Physician Office; Home Infusion,Y,https://policies.example/riverbend-preferred/mp-onc-1470,2026-08-01
2026-08-01,PYR10471,Cedar Health Plan,PLN52471,Cedar Complete,Managed Medicaid,1841105,J9345,Onvantra,MP-ONC-1471,2026-01-15,Covered,Y,N,Outpatient Hospital; Physician Office; Home Infusion,N,https://policies.example/cedar-complete/mp-onc-1471,2026-08-01
2026-08-01,PYR10472,Cedar Health,PLN52472,Cedar Advantage,Medicare Advantage,2590158,J9345,Onvantra,MP-ONC-1472,2026-03-01,Covered,Y,N,Physician Office; Outpatient Hospital,Y,https://policies.example/cedar-advantage/mp-onc-1472,2026-08-01
2026-08-01,PYR10473,Oakmont Health,PLN52473,Oakmont POS,Health Exchange,2188292,J9345,Onvantra,MP-ONC-1473,2026-05-01,Covered,Y,N,Physician Office,Y,https://policies.example/oakmont-pos/mp-onc-1473,2026-08-01
2026-08-01,PYR10474,Trailhead Wellness,PLN52474,Trailhead EPO,Health Exchange,166251,J9345,Onvantra,MP-ONC-1474,2025-10-01,Covered,Y,N,Physician Office,N,https://policies.example/trailhead-epo/mp-onc-1474,2026-08-01
2026-08-01,PYR10475,Redwood Mutual,PLN52475,Redwood Choice HMO,Health Exchange,1672350,J9345,Onvantra,MP-ONC-1475,2025-10-01,Covered,N,N,Physician Office,Y,https://policies.example/redwood-choice-hmo/mp-onc-1475,2026-08-01
2026-08-01,PYR10476,Cedar Insurance,PLN52476,Cedar Preferred,Managed Medicaid,1475017,J9345,Onvantra,MP-ONC-1476,2025-11-01,Covered,Y,N,Physician Office; Outpatient Hospital,Y,https://policies.example/cedar-preferred/mp-onc-1476,2026-08-01
2026-08-01,PYR10477,Prairie Mutual,PLN52477,Prairie PPO,Commercial,749149,J9345,Onvantra,MP-ONC-1477,2026-01-15,Covered,N,N,Physician Office,Y,https://policies.example/prairie-ppo/mp-onc-1477,2026-08-01
2026-08-01,PYR10478,Gateway Care,PLN52478,Gateway Preferred,Commercial,2271130,J9345,Onvantra,MP-ONC-1478,2026-03-01,Covered,Y,Y,Physician Office; Home Infusion,Y,https://policies.example/gateway-preferred/mp-onc-1478,2026-08-01
2026-08-01,PYR10479,Silverpeak Benefit,PLN52479,Silverpeak Complete,Health Exchange,1947401,J9345,Onvantra,MP-ONC-1479,2025-10-01,Covered,Y,Y,Physician Office,N,https://policies.example/silverpeak-complete/mp-onc-1479,2026-08-01
2026-08-01,PYR10480,Keystone Wellness,PLN52480,Keystone POS,Commercial,1744839,J9345,Onvantra,MP-ONC-1480,2026-01-15,Covered,Y,N,Outpatient Hospital; Physician Office; Home Infusion,N,https://policies.example/keystone-pos/mp-onc-1480,2026-08-01
2026-08-01,PYR10481,Cedar Mutual,PLN52481,Cedar Choice HMO,Commercial,2340957,J9345,Onvantra,MP-ONC-1481,2025-11-01,Covered,Y,Y,Outpatient Hospital; Physician Office; Home Infusion,N,https://policies.example/cedar-choice-hmo/mp-onc-1481,2026-08-01
2026-08-01,PYR10482,Wayfarer Insurance,PLN52482,Wayfarer EPO,Health Exchange,2880159,J9345,Onvantra,MP-ONC-1482,2025-11-01,Covered,Y,Y,Physician Office; Outpatient Hospital,N,https://policies.example/wayfarer-epo/mp-onc-1482,2026-08-01
2026-08-01,PYR10483,Bluegrass Wellness,PLN52483,Bluegrass POS,Commercial,1062298,J9345,Onvantra,MP-ONC-1483,2025-10-01,Covered,Y,N,Physician Office,N,https://policies.example/bluegrass-pos/mp-onc-1483,2026-08-01
2026-08-01,PYR10484,Ridgeline Health,PLN52484,Ridgeline Preferred,Commercial,2037879,J9345,Onvantra,MP-ONC-1484,2026-01-15,Covered,Y,N,Physician Office; Home Infusion,Y,https://policies.example/ridgeline-preferred/mp-onc-1484,2026-08-01
2026-08-01,PYR10485,Ridgeline Health Plan,PLN52485,Ridgeline Preferred,Commercial,1683827,J9345,Onvantra,MP-ONC-1485,2026-03-01,Covered,Y,N,Physician Office,Y,https://policies.example/ridgeline-preferred/mp-onc-1485,2026-08-01
2026-08-01,PYR10486,Quarry Health,PLN52486,Quarry Preferred,Commercial,1666368,J9345,Onvantra,MP-ONC-1486,2026-05-01,Covered,Y,Y,Physician Office,Y,https://policies.example/quarry-preferred/mp-onc-1486,2026-08-01
2026-08-01,PYR10487,Prairie Benefit,PLN52487,Prairie PPO,Commercial,2842393,J9345,Onvantra,MP-ONC-1487,2026-01-15,Covered,Y,Y,Physician Office,N,https://policies.example/prairie-ppo/mp-onc-1487,2026-08-01
2026-08-01,PYR10488,Brightwater Insurance,PLN52488,Brightwater EPO,Managed Medicaid,1117468,J9345,Onvantra,MP-ONC-1488,2026-01-15,Covered,Y,N,Physician Office; Home Infusion,Y,https://policies.example/brightwater-epo/mp-onc-1488,2026-08-01
2026-08-01,PYR10489,Juniper Health Plan,PLN52489,Juniper Complete,Medicare Advantage,898037,J9345,Onvantra,MP-ONC-1489,2026-01-15,Covered,N,N,Outpatient Hospital; Physician Office; Home Infusion,N,https://policies.example/juniper-complete/mp-onc-1489,2026-08-01
2026-08-01,PYR10490,Oakmont Health Plan,PLN52490,Oakmont EPO,Managed Medicaid,2892342,J9345,Onvantra,MP-ONC-1490,2026-05-01,Covered,Y,N,Outpatient Hospital; Physician Office; Home Infusion,N,https://policies.example/oakmont-epo/mp-onc-1490,2026-08-01
2026-08-01,PYR10491,Nautilus Mutual,PLN52491,Nautilus POS,Commercial,3112669,J9345,Onvantra,MP-ONC-1491,2026-03-01,Covered,Y,Y,Physician Office,N,https://policies.example/nautilus-pos/mp-onc-1491,2026-08-01
2026-08-01,PYR10492,Ridgeline Health Plan,PLN52492,Ridgeline Preferred,Managed Medicaid,3037249,J9345,Onvantra,MP-ONC-1492,2026-05-01,Covered,Y,Y,Outpatient Hospital; Physician Office; Home Infusion,N,https://policies.example/ridgeline-preferred/mp-onc-1492,2026-08-01
2026-08-01,PYR10493,Wayfarer Health,PLN52493,Wayfarer Advantage,Commercial,2911348,J9345,Onvantra,MP-ONC-1493,2026-03-01,Covered,Y,N,Physician Office; Outpatient Hospital,N,https://policies.example/wayfarer-advantage/mp-onc-1493,2026-08-01
2026-08-01,PYR10494,Riverbend Alliance,PLN52494,Riverbend Choice HMO,Commercial,1528984,J9345,Onvantra,MP-ONC-1494,2026-03-01,Covered,Y,N,Outpatient Hospital; Physician Office; Home Infusion,N,https://policies.example/riverbend-choice-hmo/mp-onc-1494,2026-08-01
2026-08-01,PYR10495,Northgate Benefit,PLN52495,Northgate POS,Managed Medicaid,2430476,J9345,Onvantra,MP-ONC-1495,2026-05-01,Covered,Y,N,Outpatient Hospital; Physician Office; Home Infusion,N,https://policies.example/northgate-pos/mp-onc-1495,2026-08-01
2026-08-01,PYR10496,Ridgeline Alliance,PLN52496,Ridgeline HMO,Medicare Advantage,2588892,J9345,Onvantra,MP-ONC-1496,2026-01-15,Covered,Y,Y,Physician Office; Outpatient Hospital,N,https://policies.example/ridgeline-hmo/mp-onc-1496,2026-08-01
2026-08-01,PYR10497,Monarch Mutual,PLN52497,Monarch HMO,Commercial,694475,J9345,Onvantra,MP-ONC-1497,2026-01-15,Covered,Y,N,Outpatient Hospital; Physician Office; Home Infusion,N,https://policies.example/monarch-hmo/mp-onc-1497,2026-08-01
2026-08-01,PYR10498,Redwood Mutual,PLN52498,Redwood Select PPO,Medicare Advantage,1538223,J9345,Onvantra,MP-ONC-1498,2025-10-01,Covered,N,Y,Physician Office; Outpatient Hospital,N,https://policies.example/redwood-select-ppo/mp-onc-1498,2026-08-01
2026-08-01,PYR10499,Lakeside Wellness,PLN52499,Lakeside Select PPO,Health Exchange,2953935,J9345,Onvantra,MP-ONC-1499,2025-10-01,Covered,Y,N,Physician Office; Outpatient Hospital,N,https://policies.example/lakeside-select-ppo/mp-onc-1499,2026-08-01
2026-08-01,PYR10500,Riverbend Care,PLN52500,Riverbend Complete,Managed Medicaid,240760,J9345,Onvantra,MP-ONC-1500,2026-01-15,Covered,Y,Y,Physician Office,N,https://policies.example/riverbend-complete/mp-onc-1500,2026-08-01
2026-08-01,PYR10501,Brightwater Health Plan,PLN52501,Brightwater HMO,Health Exchange,1650133,J9345,Onvantra,MP-ONC-1501,2026-01-15,Covered,Y,N,Physician Office; Outpatient Hospital,Y,https://policies.example/brightwater-hmo/mp-onc-1501,2026-08-01
2026-08-01,PYR10502,Oakmont Health Plan,PLN52502,Oakmont EPO,Managed Medicaid,730581,J9345,Onvantra,MP-ONC-1502,2026-03-01,Covered,Y,N,Outpatient Hospital; Physician Office; Home Infusion,N,https://policies.example/oakmont-epo/mp-onc-1502,2026-08-01
2026-08-01,PYR10503,Prairie Insurance,PLN52503,Prairie Preferred,Medicare Advantage,581712,J9345,Onvantra,MP-ONC-1503,2026-05-01,Covered,Y,Y,Physician Office; Home Infusion,Y,https://policies.example/prairie-preferred/mp-onc-1503,2026-08-01
2026-08-01,PYR10504,Everest Benefit,PLN52504,Everest Complete,Managed Medicaid,967645,J9345,Onvantra,MP-ONC-1504,2026-03-01,Covered,Y,Y,Outpatient Hospital; Physician Office; Home Infusion,N,https://policies.example/everest-complete/mp-onc-1504,2026-08-01
2026-08-01,PYR10505,Bluegrass Health Plan,PLN52505,Bluegrass Select PPO,Commercial,15387,J9345,Onvantra,MP-ONC-1505,2026-05-01,Covered,Y,N,Outpatient Hospital; Physician Office; Home Infusion,N,https://policies.example/bluegrass-select-ppo/mp-onc-1505,2026-08-01
2026-08-01,PYR10506,Meridian Alliance,PLN52506,Meridian Complete,Commercial,53304,J9345,Onvantra,MP-ONC-1506,2026-05-01,Covered,N,N,Physician Office; Outpatient Hospital,N,https://policies.example/meridian-complete/mp-onc-1506,2026-08-01
2026-08-01,PYR10507,Juniper Wellness,PLN52507,Juniper Advantage,Managed Medicaid,1848356,J9345,Onvantra,MP-ONC-1507,2026-03-01,Covered,N,N,Physician Office; Outpatient Hospital,Y,https://policies.example/juniper-advantage/mp-onc-1507,2026-08-01
2026-08-01,PYR10508,Keystone Wellness,PLN52508,Keystone Select PPO,Commercial,1786000,J9345,Onvantra,MP-ONC-1508,2026-05-01,Covered,Y,N,Outpatient Hospital; Physician Office; Home Infusion,Y,https://policies.example/keystone-select-ppo/mp-onc-1508,2026-08-01
2026-08-01,PYR10509,Redwood Mutual,PLN52509,Redwood POS,Commercial,780071,J9345,Onvantra,MP-ONC-1509,2026-03-01,Covered,Y,N,Physician Office,Y,https://policies.example/redwood-pos/mp-onc-1509,2026-08-01
2026-08-01,PYR10510,Brightwater Alliance,PLN52510,Brightwater Select PPO,Health Exchange,2627018,J9345,Onvantra,MP-ONC-1510,2025-11-01,Covered,N,N,Outpatient Hospital; Physician Office; Home Infusion,N,https://policies.example/brightwater-select-ppo/mp-onc-1510,2026-08-01
2026-08-01,PYR10511,Harborview Health,PLN52511,Harborview EPO,Commercial,1198274,J9345,Onvantra,MP-ONC-1511,2025-10-01,Covered,Y,N,Physician Office; Home Infusion,Y,https://policies.example/harborview-epo/mp-onc-1511,2026-08-01
2026-08-01,PYR10512,Ironwood Care,PLN52512,Ironwood EPO,Commercial,2085222,J9345,Onvantra,MP-ONC-1512,2026-03-01,Covered,Y,N,Physician Office; Home Infusion,N,https://policies.example/ironwood-epo/mp-onc-1512,2026-08-01
2026-08-01,PYR10513,Juniper Alliance,PLN52513,Juniper PPO,Commercial,351480,J9345,Onvantra,MP-ONC-1513,2025-10-01,Covered,Y,N,Outpatient Hospital; Physician Office; Home Infusion,N,https://policies.example/juniper-ppo/mp-onc-1513,2026-08-01
2026-08-01,PYR10514,Union Alliance,PLN52514,Union EPO,Commercial,1063909,J9345,Onvantra,MP-ONC-1514,2025-11-01,Covered,N,N,Physician Office,Y,https://policies.example/union-epo/mp-onc-1514,2026-08-01
2026-08-01,PYR10515,Keystone Alliance,PLN52515,Keystone POS,Health Exchange,155552,J9345,Onvantra,MP-ONC-1515,2025-11-01,Covered,Y,Y,Physician Office,Y,https://policies.example/keystone-pos/mp-onc-1515,2026-08-01
2026-08-01,PYR10516,Quarry Mutual,PLN52516,Quarry Select PPO,Commercial,680264,J9345,Onvantra,MP-ONC-1516,2026-01-15,Covered,Y,N,Outpatient Hospital; Physician Office; Home Infusion,N,https://policies.example/quarry-select-ppo/mp-onc-1516,2026-08-01
2026-08-01,PYR10517,Willow Benefit,PLN52517,Willow PPO,Health Exchange,928470,J9345,Onvantra,MP-ONC-1517,2025-10-01,Covered,Y,N,Physician Office; Home Infusion,N,https://policies.example/willow-ppo/mp-onc-1517,2026-08-01
2026-08-01,PYR10518,Pinecrest Insurance,PLN52518,Pinecrest HMO,Medicare Advantage,1034590,J9345,Onvantra,MP-ONC-1518,2026-05-01,Covered,Y,N,Physician Office; Home Infusion,Y,https://policies.example/pinecrest-hmo/mp-onc-1518,2026-08-01
2026-08-01,PYR10519,Beacon Benefit,PLN52519,Beacon HMO,Commercial,676435,J9345,Onvantra,MP-ONC-1519,2025-10-01,Covered,N,N,Outpatient Hospital; Physician Office; Home Infusion,Y,https://policies.example/beacon-hmo/mp-onc-1519,2026-08-01
2026-08-01,PYR10520,Harborview Benefit,PLN52520,Harborview EPO,Health Exchange,2264628,J9345,Onvantra,MP-ONC-1520,2026-01-15,Covered,Y,N,Physician Office; Home Infusion,N,https://policies.example/harborview-epo/mp-onc-1520,2026-08-01
2026-08-01,PYR10521,Vantage Benefit,PLN52521,Vantage Complete,Health Exchange,824355,J9345,Onvantra,MP-ONC-1521,2025-11-01,Covered,Y,Y,Outpatient Hospital; Physician Office; Home Infusion,Y,https://policies.example/vantage-complete/mp-onc-1521,2026-08-01
2026-08-01,PYR10522,Bluegrass Health,PLN52522,Bluegrass Complete,Health Exchange,1850008,J9345,Onvantra,MP-ONC-1522,2025-11-01,Covered,Y,Y,Physician Office; Outpatient Hospital,Y,https://policies.example/bluegrass-complete/mp-onc-1522,2026-08-01
2026-08-01,PYR10523,Union Benefit,PLN52523,Union Choice HMO,Health Exchange,1979589,J9345,Onvantra,MP-ONC-1523,2025-11-01,Covered,Y,N,Physician Office,Y,https://policies.example/union-choice-hmo/mp-onc-1523,2026-08-01
2026-08-01,PYR10524,Oakmont Insurance,PLN52524,Oakmont Select PPO,Managed Medicaid,1554782,J9345,Onvantra,MP-ONC-1524,2025-11-01,Covered,N,N,Physician Office; Home Infusion,Y,https://policies.example/oakmont-select-ppo/mp-onc-1524,2026-08-01
2026-08-01,PYR10525,Cascade Benefit,PLN52525,Cascade POS,Commercial,3039108,J9345,Onvantra,MP-ONC-1525,2026-03-01,Covered,Y,Y,Physician Office; Outpatient Hospital,Y,https://policies.example/cascade-pos/mp-onc-1525,2026-08-01
2026-08-01,PYR10526,Vantage Health Plan,PLN52526,Vantage Select PPO,Commercial,1733844,J9345,Onvantra,MP-ONC-1526,2025-10-01,Covered,Y,N,Physician Office,Y,https://policies.example/vantage-select-ppo/mp-onc-1526,2026-08-01
2026-08-01,PYR10527,Granite Health Plan,PLN52527,Granite EPO,Commercial,862580,J9345,Onvantra,MP-ONC-1527,2025-10-01,Covered,Y,Y,Physician Office; Outpatient Hospital,N,https://policies.example/granite-epo/mp-onc-1527,2026-08-01
2026-08-01,PYR10528,Wayfarer Mutual,PLN52528,Wayfarer Complete,Managed Medicaid,2632121,J9345,Onvantra,MP-ONC-1528,2026-05-01,Covered,Y,N,Outpatient Hospital; Physician Office; Home Infusion,N,https://policies.example/wayfarer-complete/mp-onc-1528,2026-08-01
2026-08-01,PYR10529,Summit Health,PLN52529,Summit POS,Health Exchange,2076104,J9345,Onvantra,MP-ONC-1529,2026-05-01,Covered,Y,Y,Physician Office,N,https://policies.example/summit-pos/mp-onc-1529,2026-08-01
2026-08-01,PYR10530,Monarch Benefit,PLN52530,Monarch PPO,Managed Medicaid,1129911,J9345,Onvantra,MP-ONC-1530,2025-11-01,Covered,Y,N,Outpatient Hospital; Physician Office; Home Infusion,N,https://policies.example/monarch-ppo/mp-onc-1530,2026-08-01
2026-08-01,PYR10531,Trailhead Care,PLN52531,Trailhead HMO,Health Exchange,983959,J9345,Onvantra,MP-ONC-1531,2025-11-01,Covered,N,N,Physician Office; Outpatient Hospital,Y,https://policies.example/trailhead-hmo/mp-onc-1531,2026-08-01
2026-08-01,PYR10532,Wayfarer Health Plan,PLN52532,Wayfarer Preferred,Health Exchange,2356015,J9345,Onvantra,MP-ONC-1532,2026-03-01,Covered,N,N,Outpatient Hospital; Physician Office; Home Infusion,Y,https://policies.example/wayfarer-preferred/mp-onc-1532,2026-08-01
2026-08-01,PYR10533,Nautilus Care,PLN52533,Nautilus EPO,Commercial,2321722,J9345,Onvantra,MP-ONC-1533,2026-05-01,Covered,N,N,Physician Office; Outpatient Hospital,Y,https://policies.example/nautilus-epo/mp-onc-1533,2026-08-01
2026-08-01,PYR10534,Oakmont Benefit,PLN52534,Oakmont Choice HMO,Managed Medicaid,1376698,J9345,Onvantra,MP-ONC-1534,2026-01-15,Covered,Y,Y,Physician Office; Home Infusion,Y,https://policies.example/oakmont-choice-hmo/mp-onc-1534,2026-08-01
2026-08-01,PYR10535,Zephyr Wellness,PLN52535,Zephyr Preferred,Commercial,1588128,J9345,Onvantra,MP-ONC-1535,2026-03-01,Covered,Y,N,Physician Office; Home Infusion,N,https://policies.example/zephyr-preferred/mp-onc-1535,2026-08-01
2026-08-01,PYR10536,Meridian Health,PLN52536,Meridian Select PPO,Managed Medicaid,83377,J9345,Onvantra,MP-ONC-1536,2025-11-01,Covered,Y,N,Physician Office,N,https://policies.example/meridian-select-ppo/mp-onc-1536,2026-08-01
2026-08-01,PYR10537,Fairview Benefit,PLN52537,Fairview PPO,Health Exchange,1172448,J9345,Onvantra,MP-ONC-1537,2026-01-15,Covered,Y,N,Physician Office,N,https://policies.example/fairview-ppo/mp-onc-1537,2026-08-01
2026-08-01,PYR10538,Beacon Health Plan,PLN52538,Beacon Select PPO,Commercial,2456738,J9345,Onvantra,MP-ONC-1538,2025-10-01,Covered,Y,N,Outpatient Hospital; Physician Office; Home Infusion,N,https://policies.example/beacon-select-ppo/mp-onc-1538,2026-08-01
2026-08-01,PYR10539,Wayfarer Mutual,PLN52539,Wayfarer POS,Health Exchange,338806,J9345,Onvantra,MP-ONC-1539,2026-05-01,Covered,Y,Y,Physician Office; Outpatient Hospital,N,https://policies.example/wayfarer-pos/mp-onc-1539,2026-08-01
2026-08-01,PYR10540,Riverbend Insurance,PLN52540,Riverbend PPO,Health Exchange,2432109,J9345,Onvantra,MP-ONC-1540,2026-01-15,Covered,N,N,Physician Office,N,https://policies.example/riverbend-ppo/mp-onc-1540,2026-08-01
2026-08-01,PYR10541,Nautilus Mutual,PLN52541,Nautilus HMO,Commercial,3150991,J9345,Onvantra,MP-ONC-1541,2026-05-01,Covered,Y,Y,Physician Office,N,https://policies.example/nautilus-hmo/mp-onc-1541,2026-08-01
2026-08-01,PYR10542,Granite Benefit,PLN52542,Granite Preferred,Managed Medicaid,642384,J9345,Onvantra,MP-ONC-1542,2026-03-01,Covered,Y,N,Physician Office; Outpatient Hospital,N,https://policies.example/granite-preferred/mp-onc-1542,2026-08-01
2026-08-01,PYR10543,Oakmont Care,PLN52543,Oakmont POS,Medicare Advantage,1230438,J9345,Onvantra,MP-ONC-1543,2025-10-01,Covered,N,N,Physician Office; Outpatient Hospital,N,https://policies.example/oakmont-pos/mp-onc-1543,2026-08-01
2026-08-01,PYR10544,Quarry Health,PLN52544,Quarry Preferred,Medicare Advantage,1116247,J9345,Onvantra,MP-ONC-1544,2025-11-01,Covered,Y,Y,Physician Office; Home Infusion,Y,https://policies.example/quarry-preferred/mp-onc-1544,2026-08-01
2026-08-01,PYR10545,Lakeside Alliance,PLN52545,Lakeside Preferred,Commercial,2061237,J9345,Onvantra,MP-ONC-1545,2025-10-01,Covered,N,N,Physician Office; Outpatient Hospital,N,https://policies.example/lakeside-preferred/mp-onc-1545,2026-08-01
2026-08-01,PYR10546,Redwood Mutual,PLN52546,Redwood Choice HMO,Health Exchange,2430995,J9345,Onvantra,MP-ONC-1546,2026-01-15,Covered,Y,N,Physician Office; Home Infusion,N,https://policies.example/redwood-choice-hmo/mp-onc-1546,2026-08-01
2026-08-01,PYR10547,Highland Wellness,PLN52547,Highland Choice HMO,Commercial,2505901,J9345,Onvantra,MP-ONC-1547,2026-05-01,Covered,Y,N,Physician Office; Outpatient Hospital,N,https://policies.example/highland-choice-hmo/mp-onc-1547,2026-08-01
2026-08-01,PYR10548,Oakmont Health Plan,PLN52548,Oakmont Complete,Commercial,994326,J9345,Onvantra,MP-ONC-1548,2025-10-01,Covered,Y,N,Physician Office; Outpatient Hospital,Y,https://policies.example/oakmont-complete/mp-onc-1548,2026-08-01
2026-08-01,PYR10549,Northgate Health,PLN52549,Northgate POS,Managed Medicaid,634402,J9345,Onvantra,MP-ONC-1549,2025-10-01,Covered,Y,N,Outpatient Hospital; Physician Office; Home Infusion,Y,https://policies.example/northgate-pos/mp-onc-1549,2026-08-01
2026-08-01,PYR10550,Everest Alliance,PLN52550,Everest Complete,Commercial,1406991,J9345,Onvantra,MP-ONC-1550,2026-05-01,Covered,Y,N,Physician Office; Outpatient Hospital,Y,https://policies.example/everest-complete/mp-onc-1550,2026-08-01
2026-08-01,PYR10551,Bluegrass Alliance,PLN52551,Bluegrass EPO,Health Exchange,2945791,J9345,Onvantra,MP-ONC-1551,2025-11-01,Covered,Y,Y,Physician Office,N,https://policies.example/bluegrass-epo/mp-onc-1551,2026-08-01
2026-08-01,PYR10552,Harborview Insurance,PLN52552,Harborview POS,Health Exchange,2606932,J9345,Onvantra,MP-ONC-1552,2025-10-01,Covered,Y,N,Physician Office; Home Infusion,Y,https://policies.example/harborview-pos/mp-onc-1552,2026-08-01
2026-08-01,PYR10553,Summit Mutual,PLN52553,Summit Select PPO,Health Exchange,2783661,J9345,Onvantra,MP-ONC-1553,2026-03-01,Covered,Y,N,Physician Office,N,https://policies.example/summit-select-ppo/mp-onc-1553,2026-08-01
2026-08-01,PYR10554,Ironwood Mutual,PLN52554,Ironwood Preferred,Health Exchange,432768,J9345,Onvantra,MP-ONC-1554,2025-11-01,Covered,Y,Y,Physician Office,N,https://policies.example/ironwood-preferred/mp-onc-1554,2026-08-01
2026-08-01,PYR10555,Sequoia Alliance,PLN52555,Sequoia Preferred,Health Exchange,105129,J9345,Onvantra,MP-ONC-1555,2026-03-01,Covered,Y,N,Outpatient Hospital; Physician Office; Home Infusion,N,https://policies.example/sequoia-preferred/mp-onc-1555,2026-08-01
2026-08-01,PYR10556,Lantern Health Plan,PLN52556,Lantern PPO,Commercial,2885209,J9345,Onvantra,MP-ONC-1556,2026-05-01,Covered,Y,N,Outpatient Hospital; Physician Office; Home Infusion,N,https://policies.example/lantern-ppo/mp-onc-1556,2026-08-01
2026-08-01,PYR10557,Redwood Health,PLN52557,Redwood Select PPO,Medicare Advantage,138588,J9345,Onvantra,MP-ONC-1557,2026-03-01,Covered,Y,N,Physician Office; Outpatient Hospital,N,https://policies.example/redwood-select-ppo/mp-onc-1557,2026-08-01
2026-08-01,PYR10558,Lakeside Care,PLN52558,Lakeside Advantage,Managed Medicaid,2858716,J9345,Onvantra,MP-ONC-1558,2025-11-01,Covered,Y,Y,Physician Office; Outpatient Hospital,Y,https://policies.example/lakeside-advantage/mp-onc-1558,2026-08-01
2026-08-01,PYR10559,Nautilus Insurance,PLN52559,Nautilus Choice HMO,Medicare Advantage,2289293,J9345,Onvantra,MP-ONC-1559,2026-05-01,Covered,Y,N,Physician Office; Outpatient Hospital,Y,https://policies.example/nautilus-choice-hmo/mp-onc-1559,2026-08-01
2026-08-01,PYR10560,Willow Health Plan,PLN52560,Willow Select PPO,Health Exchange,2972556,J9345,Onvantra,MP-ONC-1560,2026-05-01,Covered,Y,Y,Physician Office; Outpatient Hospital,Y,https://policies.example/willow-select-ppo/mp-onc-1560,2026-08-01
2026-08-01,PYR10561,Pinecrest Benefit,PLN52561,Pinecrest HMO,Managed Medicaid,2250402,J9345,Onvantra,MP-ONC-1561,2025-10-01,Covered,Y,N,Outpatient Hospital; Physician Office; Home Infusion,N,https://policies.example/pinecrest-hmo/mp-onc-1561,2026-08-01
2026-08-01,PYR10562,Foundry Mutual,PLN52562,Foundry Advantage,Commercial,1873095,J9345,Onvantra,MP-ONC-1562,2025-11-01,Covered,Y,N,Physician Office; Outpatient Hospital,N,https://policies.example/foundry-advantage/mp-onc-1562,2026-08-01
2026-08-01,PYR10563,Stonegate Health,PLN52563,Stonegate Select PPO,Managed Medicaid,2393351,J9345,Onvantra,MP-ONC-1563,2025-10-01,Covered,Y,N,Physician Office; Outpatient Hospital,Y,https://policies.example/stonegate-select-ppo/mp-onc-1563,2026-08-01
2026-08-01,PYR10564,Highland Care,PLN52564,Highland Complete,Commercial,2121902,J9345,Onvantra,MP-ONC-1564,2026-03-01,Covered,N,N,Physician Office; Outpatient Hospital,N,https://policies.example/highland-complete/mp-onc-1564,2026-08-01
2026-08-01,PYR10565,Quarry Health Plan,PLN52565,Quarry EPO,Commercial,964058,J9345,Onvantra,MP-ONC-1565,2026-03-01,Covered,Y,Y,Physician Office,N,https://policies.example/quarry-epo/mp-onc-1565,2026-08-01
2026-08-01,PYR10566,Ironwood Wellness,PLN52566,Ironwood POS,Commercial,757719,J9345,Onvantra,MP-ONC-1566,2025-11-01,Covered,N,Y,Outpatient Hospital; Physician Office; Home Infusion,N,https://policies.example/ironwood-pos/mp-onc-1566,2026-08-01
2026-08-01,PYR10567,Nautilus Mutual,PLN52567,Nautilus PPO,Managed Medicaid,3099205,J9345,Onvantra,MP-ONC-1567,2026-05-01,Covered,N,N,Physician Office; Home Infusion,Y,https://policies.example/nautilus-ppo/mp-onc-1567,2026-08-01
2026-08-01,PYR10568,Zephyr Health,PLN52568,Zephyr Preferred,Commercial,1909187,J9345,Onvantra,MP-ONC-1568,2026-05-01,Covered,N,N,Physician Office; Outpatient Hospital,Y,https://policies.example/zephyr-preferred/mp-onc-1568,2026-08-01
2026-08-01,PYR10569,Lantern Health,PLN52569,Lantern Preferred,Medicare Advantage,2179792,J9345,Onvantra,MP-ONC-1569,2026-03-01,Covered,Y,N,Outpatient Hospital; Physician Office; Home Infusion,N,https://policies.example/lantern-preferred/mp-onc-1569,2026-08-01
2026-08-01,PYR10570,Everest Insurance,PLN52570,Everest Complete,Commercial,1786934,J9345,Onvantra,MP-ONC-1570,2026-03-01,Covered,Y,N,Physician Office; Outpatient Hospital,N,https://policies.example/everest-complete/mp-onc-1570,2026-08-01
2026-08-01,PYR10571,Cedar Care,PLN52571,Cedar EPO,Managed Medicaid,2934714,J9345,Onvantra,MP-ONC-1571,2026-03-01,Covered,Y,Y,Physician Office; Home Infusion,N,https://policies.example/cedar-epo/mp-onc-1571,2026-08-01
2026-08-01,PYR10572,Cascade Health Plan,PLN52572,Cascade Complete,Managed Medicaid,3004005,J9345,Onvantra,MP-ONC-1572,2026-01-15,Covered,Y,Y,Physician Office,N,https://policies.example/cascade-complete/mp-onc-1572,2026-08-01
2026-08-01,PYR10573,Pinecrest Care,PLN52573,Pinecrest HMO,Commercial,2977129,J9345,Onvantra,MP-ONC-1573,2026-03-01,Covered,N,N,Physician Office,Y,https://policies.example/pinecrest-hmo/mp-onc-1573,2026-08-01
2026-08-01,PYR10574,Sequoia Health Plan,PLN52574,Sequoia Advantage,Managed Medicaid,1611381,J9345,Onvantra,MP-ONC-1574,2025-11-01,Covered,Y,N,Outpatient Hospital; Physician Office; Home Infusion,Y,https://policies.example/sequoia-advantage/mp-onc-1574,2026-08-01
2026-08-01,PYR10575,Pinecrest Health Plan,PLN52575,Pinecrest EPO,Health Exchange,230211,J9345,Onvantra,MP-ONC-1575,2026-03-01,Covered,N,N,Outpatient Hospital; Physician Office; Home Infusion,Y,https://policies.example/pinecrest-epo/mp-onc-1575,2026-08-01
2026-08-01,PYR10576,Copperfield Health Plan,PLN52576,Copperfield HMO,Commercial,865821,J9345,Onvantra,MP-ONC-1576,2026-03-01,Covered,Y,N,Physician Office,N,https://policies.example/copperfield-hmo/mp-onc-1576,2026-08-01
2026-08-01,PYR10577,Ridgeline Health,PLN52577,Ridgeline Complete,Commercial,924634,J9345,Onvantra,MP-ONC-1577,2025-10-01,Covered,N,Y,Physician Office; Home Infusion,N,https://policies.example/ridgeline-complete/mp-onc-1577,2026-08-01
2026-08-01,PYR10578,Zephyr Health,PLN52578,Zephyr POS,Managed Medicaid,1181490,J9345,Onvantra,MP-ONC-1578,2025-10-01,Covered,Y,N,Physician Office; Outpatient Hospital,N,https://policies.example/zephyr-pos/mp-onc-1578,2026-08-01
2026-08-01,PYR10579,Highland Health,PLN52579,Highland EPO,Commercial,2812586,J9345,Onvantra,MP-ONC-1579,2025-10-01,Covered,Y,N,Physician Office,N,https://policies.example/highland-epo/mp-onc-1579,2026-08-01
2026-08-01,PYR10580,Monarch Health Plan,PLN52580,Monarch EPO,Health Exchange,1207778,J9345,Onvantra,MP-ONC-1580,2025-10-01,Covered,Y,Y,Outpatient Hospital; Physician Office; Home Infusion,N,https://policies.example/monarch-epo/mp-onc-1580,2026-08-01
2026-08-01,PYR10581,Everest Benefit,PLN52581,Everest Choice HMO,Medicare Advantage,298814,J9345,Onvantra,MP-ONC-1581,2025-11-01,Covered,N,N,Outpatient Hospital; Physician Office; Home Infusion,N,https://policies.example/everest-choice-hmo/mp-onc-1581,2026-08-01
2026-08-01,PYR10582,Northgate Insurance,PLN52582,Northgate Choice HMO,Managed Medicaid,1750426,J9345,Onvantra,MP-ONC-1582,2026-05-01,Covered,Y,N,Physician Office,N,https://policies.example/northgate-choice-hmo/mp-onc-1582,2026-08-01
2026-08-01,PYR10583,Trailhead Care,PLN52583,Trailhead Complete,Health Exchange,2903425,J9345,Onvantra,MP-ONC-1583,2026-05-01,Covered,Y,Y,Outpatient Hospital; Physician Office; Home Infusion,N,https://policies.example/trailhead-complete/mp-onc-1583,2026-08-01
2026-08-01,PYR10584,Wayfarer Benefit,PLN52584,Wayfarer EPO,Managed Medicaid,2374859,J9345,Onvantra,MP-ONC-1584,2026-05-01,Covered,N,Y,Physician Office; Home Infusion,N,https://policies.example/wayfarer-epo/mp-onc-1584,2026-08-01
2026-08-01,PYR10585,Ironwood Insurance,PLN52585,Ironwood POS,Commercial,510796,J9345,Onvantra,MP-ONC-1585,2025-11-01,Covered,Y,Y,Physician Office,Y,https://policies.example/ironwood-pos/mp-onc-1585,2026-08-01
2026-08-01,PYR10586,Brightwater Mutual,PLN52586,Brightwater Advantage,Commercial,1415026,J9345,Onvantra,MP-ONC-1586,2025-11-01,Covered,Y,N,Physician Office,Y,https://policies.example/brightwater-advantage/mp-onc-1586,2026-08-01
2026-08-01,PYR10587,Copperfield Insurance,PLN52587,Copperfield HMO,Commercial,1274482,J9345,Onvantra,MP-ONC-1587,2026-01-15,Covered,Y,N,Physician Office,Y,https://policies.example/copperfield-hmo/mp-onc-1587,2026-08-01
2026-08-01,PYR10588,Gateway Mutual,PLN52588,Gateway PPO,Commercial,828760,J9345,Onvantra,MP-ONC-1588,2025-10-01,Covered,Y,N,Physician Office; Home Infusion,N,https://policies.example/gateway-ppo/mp-onc-1588,2026-08-01
2026-08-01,PYR10589,Lakeside Alliance,PLN52589,Lakeside EPO,Health Exchange,1946971,J9345,Onvantra,MP-ONC-1589,2025-10-01,Covered,Y,Y,Physician Office; Home Infusion,Y,https://policies.example/lakeside-epo/mp-onc-1589,2026-08-01
2026-08-01,PYR10590,Trailhead Insurance,PLN52590,Trailhead Choice HMO,Managed Medicaid,2262666,J9345,Onvantra,MP-ONC-1590,2025-10-01,Covered,Y,N,Outpatient Hospital; Physician Office; Home Infusion,N,https://policies.example/trailhead-choice-hmo/mp-onc-1590,2026-08-01
2026-08-01,PYR10591,Beacon Insurance,PLN52591,Beacon PPO,Commercial,1588873,J9345,Onvantra,MP-ONC-1591,2025-10-01,Covered,Y,Y,Physician Office; Outpatient Hospital,Y,https://policies.example/beacon-ppo/mp-onc-1591,2026-08-01
2026-08-01,PYR10592,Everest Benefit,PLN52592,Everest PPO,Commercial,1750894,J9345,Onvantra,MP-ONC-1592,2026-03-01,Covered,Y,Y,Physician Office; Outpatient Hospital,N,https://policies.example/everest-ppo/mp-onc-1592,2026-08-01
2026-08-01,PYR10593,Everest Wellness,PLN52593,Everest Preferred,Commercial,749056,J9345,Onvantra,MP-ONC-1593,2025-10-01,Covered,Y,N,Physician Office,N,https://policies.example/everest-preferred/mp-onc-1593,2026-08-01
2026-08-01,PYR10594,Oakmont Health,PLN52594,Oakmont Complete,Managed Medicaid,661249,J9345,Onvantra,MP-ONC-1594,2026-05-01,Covered,Y,N,Physician Office; Home Infusion,Y,https://policies.example/oakmont-complete/mp-onc-1594,2026-08-01
2026-08-01,PYR10595,Everest Benefit,PLN52595,Everest EPO,Commercial,2179875,J9345,Onvantra,MP-ONC-1595,2026-03-01,Covered,Y,N,Physician Office,N,https://policies.example/everest-epo/mp-onc-1595,2026-08-01
2026-08-01,PYR10596,Trailhead Care,PLN52596,Trailhead PPO,Commercial,199675,J9345,Onvantra,MP-ONC-1596,2025-10-01,Covered,Y,N,Physician Office; Home Infusion,N,https://policies.example/trailhead-ppo/mp-onc-1596,2026-08-01
2026-08-01,PYR10597,Trailhead Insurance,PLN52597,Trailhead PPO,Managed Medicaid,3196353,J9345,Onvantra,MP-ONC-1597,2025-11-01,Covered,Y,N,Outpatient Hospital; Physician Office; Home Infusion,N,https://policies.example/trailhead-ppo/mp-onc-1597,2026-08-01
2026-08-01,PYR10598,Copperfield Insurance,PLN52598,Copperfield Preferred,Commercial,1865173,J9345,Onvantra,MP-ONC-1598,2026-01-15,Covered,Y,N,Physician Office; Outpatient Hospital,N,https://policies.example/copperfield-preferred/mp-onc-1598,2026-08-01
2026-08-01,PYR10599,Northgate Health,PLN52599,Northgate Preferred,Managed Medicaid,444393,J9345,Onvantra,MP-ONC-1599,2025-11-01,Covered,Y,N,Outpatient Hospital; Physician Office; Home Infusion,N,https://policies.example/northgate-preferred/mp-onc-1599,2026-08-01
2026-08-01,PYR10600,Copperfield Wellness,PLN52600,Copperfield EPO,Commercial,1321012,J9345,Onvantra,MP-ONC-1600,2025-10-01,Covered,Y,Y,Physician Office,N,https://policies.example/copperfield-epo/mp-onc-1600,2026-08-01
2026-08-01,PYR10601,Quarry Health,PLN52601,Quarry HMO,Medicare Advantage,240653,J9345,Onvantra,MP-ONC-1601,2026-05-01,Covered,Y,Y,Physician Office; Home Infusion,N,https://policies.example/quarry-hmo/mp-onc-1601,2026-08-01
2026-08-01,PYR10602,Yellowstone Alliance,PLN52602,Yellowstone Choice HMO,Commercial,1408901,J9345,Onvantra,MP-ONC-1602,2025-11-01,Covered,Y,N,Physician Office; Home Infusion,Y,https://policies.example/yellowstone-choice-hmo/mp-onc-1602,2026-08-01
2026-08-01,PYR10603,Cedar Alliance,PLN52603,Cedar HMO,Medicare Advantage,1316877,J9345,Onvantra,MP-ONC-1603,2025-11-01,Covered,N,Y,Physician Office; Outpatient Hospital,N,https://policies.example/cedar-hmo/mp-onc-1603,2026-08-01
2026-08-01,PYR10604,Brightwater Insurance,PLN52604,Brightwater Choice HMO,Medicare Advantage,784038,J9345,Onvantra,MP-ONC-1604,2025-10-01,Covered,Y,N,Physician Office; Home Infusion,N,https://policies.example/brightwater-choice-hmo/mp-onc-1604,2026-08-01
2026-08-01,PYR10605,Summit Alliance,PLN52605,Summit HMO,Commercial,2022612,J9345,Onvantra,MP-ONC-1605,2026-05-01,Covered,N,N,Outpatient Hospital; Physician Office; Home Infusion,N,https://policies.example/summit-hmo/mp-onc-1605,2026-08-01
2026-08-01,PYR10606,Wayfarer Health Plan,PLN52606,Wayfarer Preferred,Commercial,1716570,J9345,Onvantra,MP-ONC-1606,2026-05-01,Covered,Y,N,Physician Office,N,https://policies.example/wayfarer-preferred/mp-onc-1606,2026-08-01
2026-08-01,PYR10607,Prairie Mutual,PLN52607,Prairie Advantage,Commercial,2619137,J9345,Onvantra,MP-ONC-1607,2025-10-01,Covered,Y,N,Physician Office; Home Infusion,N,https://policies.example/prairie-advantage/mp-onc-1607,2026-08-01
2026-08-01,PYR10608,Gateway Wellness,PLN52608,Gateway Advantage,Medicare Advantage,2394056,J9345,Onvantra,MP-ONC-1608,2025-10-01,Covered,Y,N,Physician Office; Outpatient Hospital,Y,https://policies.example/gateway-advantage/mp-onc-1608,2026-08-01
2026-08-01,PYR10609,Wayfarer Alliance,PLN52609,Wayfarer HMO,Managed Medicaid,2515121,J9345,Onvantra,MP-ONC-1609,2025-11-01,Covered,N,N,Physician Office,N,https://policies.example/wayfarer-hmo/mp-onc-1609,2026-08-01
2026-08-01,PYR10610,Everest Mutual,PLN52610,Everest HMO,Managed Medicaid,471108,J9345,Onvantra,MP-ONC-1610,2025-10-01,Covered,N,N,Physician Office; Home Infusion,Y,https://policies.example/everest-hmo/mp-onc-1610,2026-08-01
2026-08-01,PYR10611,Cedar Wellness,PLN52611,Cedar EPO,Managed Medicaid,3181651,J9345,Onvantra,MP-ONC-1611,2026-05-01,Covered,Y,N,Physician Office; Outpatient Hospital,N,https://policies.example/cedar-epo/mp-onc-1611,2026-08-01
2026-08-01,PYR10612,Copperfield Mutual,PLN52612,Copperfield Complete,Commercial,877607,J9345,Onvantra,MP-ONC-1612,2026-01-15,Covered,Y,N,Outpatient Hospital; Physician Office; Home Infusion,N,https://policies.example/copperfield-complete/mp-onc-1612,2026-08-01
2026-08-01,PYR10613,Cedar Health,PLN52613,Cedar Preferred,Medicare Advantage,550007,J9345,Onvantra,MP-ONC-1613,2025-10-01,Covered,Y,N,Outpatient Hospital; Physician Office; Home Infusion,Y,https://policies.example/cedar-preferred/mp-onc-1613,2026-08-01
2026-08-01,PYR10614,Meridian Benefit,PLN52614,Meridian HMO,Commercial,145798,J9345,Onvantra,MP-ONC-1614,2026-01-15,Covered,Y,Y,Physician Office; Home Infusion,Y,https://policies.example/meridian-hmo/mp-onc-1614,2026-08-01
2026-08-01,PYR10615,Keystone Mutual,PLN52615,Keystone Advantage,Medicare Advantage,2301393,J9345,Onvantra,MP-ONC-1615,2025-11-01,Covered,Y,N,Physician Office; Home Infusion,N,https://policies.example/keystone-advantage/mp-onc-1615,2026-08-01
2026-08-01,PYR10616,Vantage Mutual,PLN52616,Vantage Choice HMO,Medicare Advantage,662043,J9345,Onvantra,MP-ONC-1616,2025-10-01,Covered,Y,N,Physician Office; Outpatient Hospital,N,https://policies.example/vantage-choice-hmo/mp-onc-1616,2026-08-01
2026-08-01,PYR10617,Cascade Health Plan,PLN52617,Cascade Complete,Health Exchange,1846799,J9345,Onvantra,MP-ONC-1617,2026-03-01,Covered,Y,N,Physician Office; Outpatient Hospital,Y,https://policies.example/cascade-complete/mp-onc-1617,2026-08-01
2026-08-01,PYR10618,Prairie Mutual,PLN52618,Prairie EPO,Medicare Advantage,2151641,J9345,Onvantra,MP-ONC-1618,2025-11-01,Covered,N,Y,Physician Office; Home Infusion,N,https://policies.example/prairie-epo/mp-onc-1618,2026-08-01
2026-08-01,PYR10619,Stonegate Mutual,PLN52619,Stonegate PPO,Managed Medicaid,2104421,J9345,Onvantra,MP-ONC-1619,2026-05-01,Covered,Y,N,Physician Office; Home Infusion,Y,https://policies.example/stonegate-ppo/mp-onc-1619,2026-08-01
2026-08-01,PYR10620,Juniper Health,PLN52620,Juniper PPO,Managed Medicaid,2041973,J9345,Onvantra,MP-ONC-1620,2025-10-01,Covered,Y,N,Physician Office; Home Infusion,Y,https://policies.example/juniper-ppo/mp-onc-1620,2026-08-01
2026-08-01,PYR10621,Beacon Insurance,PLN52621,Beacon Complete,Managed Medicaid,343139,J9345,Onvantra,MP-ONC-1621,2025-10-01,Covered,Y,N,Physician Office; Home Infusion,Y,https://policies.example/beacon-complete/mp-onc-1621,2026-08-01
2026-08-01,PYR10622,Union Insurance,PLN52622,Union PPO,Commercial,2259092,J9345,Onvantra,MP-ONC-1622,2026-03-01,Covered,Y,Y,Physician Office; Home Infusion,Y,https://policies.example/union-ppo/mp-onc-1622,2026-08-01
2026-08-01,PYR10623,Wayfarer Benefit,PLN52623,Wayfarer Advantage,Commercial,1250717,J9345,Onvantra,MP-ONC-1623,2026-05-01,Covered,Y,N,Physician Office,Y,https://policies.example/wayfarer-advantage/mp-onc-1623,2026-08-01
2026-08-01,PYR10624,Everest Insurance,PLN52624,Everest PPO,Health Exchange,1999579,J9345,Onvantra,MP-ONC-1624,2026-05-01,Covered,Y,N,Outpatient Hospital; Physician Office; Home Infusion,Y,https://policies.example/everest-ppo/mp-onc-1624,2026-08-01
2026-08-01,PYR10625,Cascade Insurance,PLN52625,Cascade Complete,Commercial,546927,J9345,Onvantra,MP-ONC-1625,2026-05-01,Covered,Y,N,Outpatient Hospital; Physician Office; Home Infusion,N,https://policies.example/cascade-complete/mp-onc-1625,2026-08-01
2026-08-01,PYR10626,Redwood Insurance,PLN52626,Redwood Select PPO,Commercial,3124779,J9345,Onvantra,MP-ONC-1626,2026-03-01,Covered,Y,N,Physician Office; Outpatient Hospital,Y,https://policies.example/redwood-select-ppo/mp-onc-1626,2026-08-01
2026-08-01,PYR10627,Juniper Health Plan,PLN52627,Juniper Select PPO,Health Exchange,1005677,J9345,Onvantra,MP-ONC-1627,2025-10-01,Covered,N,N,Physician Office,N,https://policies.example/juniper-select-ppo/mp-onc-1627,2026-08-01
2026-08-01,PYR10628,Beacon Health Plan,PLN52628,Beacon Complete,Medicare Advantage,1622118,J9345,Onvantra,MP-ONC-1628,2026-05-01,Covered,Y,Y,Physician Office; Outpatient Hospital,N,https://policies.example/beacon-complete/mp-onc-1628,2026-08-01
2026-08-01,PYR10629,Highland Health,PLN52629,Highland Select PPO,Commercial,235298,J9345,Onvantra,MP-ONC-1629,2026-01-15,Covered,Y,Y,Physician Office; Home Infusion,N,https://policies.example/highland-select-ppo/mp-onc-1629,2026-08-01
2026-08-01,PYR10630,Quarry Wellness,PLN52630,Quarry Advantage,Health Exchange,2974533,J9345,Onvantra,MP-ONC-1630,2026-05-01,Covered,N,Y,Outpatient Hospital; Physician Office; Home Infusion,N,https://policies.example/quarry-advantage/mp-onc-1630,2026-08-01
2026-08-01,PYR10631,Nautilus Health,PLN52631,Nautilus Select PPO,Medicare Advantage,1617241,J9345,Onvantra,MP-ONC-1631,2026-01-15,Covered,Y,N,Physician Office,Y,https://policies.example/nautilus-select-ppo/mp-onc-1631,2026-08-01
2026-08-01,PYR10632,Nautilus Insurance,PLN52632,Nautilus Choice HMO,Commercial,1135247,J9345,Onvantra,MP-ONC-1632,2025-11-01,Covered,Y,N,Physician Office; Home Infusion,N,https://policies.example/nautilus-choice-hmo/mp-onc-1632,2026-08-01
2026-08-01,PYR10633,Yellowstone Wellness,PLN52633,Yellowstone Preferred,Commercial,2857555,J9345,Onvantra,MP-ONC-1633,2025-10-01,Covered,Y,N,Physician Office,Y,https://policies.example/yellowstone-preferred/mp-onc-1633,2026-08-01
2026-08-01,PYR10634,Summit Health,PLN52634,Summit Advantage,Commercial,2218118,J9345,Onvantra,MP-ONC-1634,2026-01-15,Covered,Y,Y,Outpatient Hospital; Physician Office; Home Infusion,N,https://policies.example/summit-advantage/mp-onc-1634,2026-08-01
2026-08-01,PYR10635,Bluegrass Wellness,PLN52635,Bluegrass PPO,Commercial,2612940,J9345,Onvantra,MP-ONC-1635,2025-10-01,Covered,Y,N,Physician Office; Outpatient Hospital,Y,https://policies.example/bluegrass-ppo/mp-onc-1635,2026-08-01
2026-08-01,PYR10636,Northgate Care,PLN52636,Northgate EPO,Medicare Advantage,2768118,J9345,Onvantra,MP-ONC-1636,2026-01-15,Covered,Y,N,Physician Office; Outpatient Hospital,N,https://policies.example/northgate-epo/mp-onc-1636,2026-08-01
2026-08-01,PYR10637,Prairie Care,PLN52637,Prairie Complete,Commercial,1805898,J9345,Onvantra,MP-ONC-1637,2026-01-15,Covered,Y,N,Physician Office; Outpatient Hospital,N,https://policies.example/prairie-complete/mp-onc-1637,2026-08-01
2026-08-01,PYR10638,Harborview Mutual,PLN52638,Harborview Advantage,Commercial,266904,J9345,Onvantra,MP-ONC-1638,2025-10-01,Covered,Y,N,Physician Office; Outpatient Hospital,N,https://policies.example/harborview-advantage/mp-onc-1638,2026-08-01
2026-08-01,PYR10639,Ridgeline Wellness,PLN52639,Ridgeline Advantage,Commercial,2722352,J9345,Onvantra,MP-ONC-1639,2026-03-01,Covered,N,N,Physician Office; Outpatient Hospital,Y,https://policies.example/ridgeline-advantage/mp-onc-1639,2026-08-01
2026-08-01,PYR10640,Fairview Care,PLN52640,Fairview Complete,Health Exchange,1101309,J9345,Onvantra,MP-ONC-1640,2026-05-01,Covered,Y,N,Physician Office,N,https://policies.example/fairview-complete/mp-onc-1640,2026-08-01
2026-08-01,PYR10641,Bluegrass Alliance,PLN52641,Bluegrass PPO,Medicare Advantage,639340,J9345,Onvantra,MP-ONC-1641,2025-11-01,Covered,Y,N,Physician Office; Home Infusion,N,https://policies.example/bluegrass-ppo/mp-onc-1641,2026-08-01
2026-08-01,PYR10642,Gateway Mutual,PLN52642,Gateway PPO,Managed Medicaid,2982913,J9345,Onvantra,MP-ONC-1642,2025-10-01,Covered,N,Y,Physician Office; Home Infusion,N,https://policies.example/gateway-ppo/mp-onc-1642,2026-08-01
2026-08-01,PYR10643,Union Wellness,PLN52643,Union PPO,Medicare Advantage,2905971,J9345,Onvantra,MP-ONC-1643,2026-01-15,Covered,N,N,Outpatient Hospital; Physician Office; Home Infusion,N,https://policies.example/union-ppo/mp-onc-1643,2026-08-01
2026-08-01,PYR10644,Lantern Health,PLN52644,Lantern HMO,Commercial,2257385,J9345,Onvantra,MP-ONC-1644,2025-11-01,Covered,Y,N,Physician Office; Home Infusion,N,https://policies.example/lantern-hmo/mp-onc-1644,2026-08-01
2026-08-01,PYR10645,Stonegate Health,PLN52645,Stonegate Advantage,Health Exchange,816125,J9345,Onvantra,MP-ONC-1645,2026-01-15,Covered,Y,Y,Physician Office,Y,https://policies.example/stonegate-advantage/mp-onc-1645,2026-08-01
2026-08-01,PYR10646,Ridgeline Care,PLN52646,Ridgeline Complete,Health Exchange,809671,J9345,Onvantra,MP-ONC-1646,2026-05-01,Covered,Y,N,Physician Office; Outpatient Hospital,N,https://policies.example/ridgeline-complete/mp-onc-1646,2026-08-01
2026-08-01,PYR10647,Silverpeak Alliance,PLN52647,Silverpeak Advantage,Commercial,2282239,J9345,Onvantra,MP-ONC-1647,2025-10-01,Covered,Y,Y,Physician Office; Home Infusion,N,https://policies.example/silverpeak-advantage/mp-onc-1647,2026-08-01
2026-08-01,PYR10648,Gateway Health,PLN52648,Gateway Choice HMO,Health Exchange,194577,J9345,Onvantra,MP-ONC-1648,2026-05-01,Covered,N,N,Physician Office; Outpatient Hospital,Y,https://policies.example/gateway-choice-hmo/mp-onc-1648,2026-08-01
2026-08-01,PYR10649,Prairie Health Plan,PLN52649,Prairie POS,Commercial,169676,J9345,Onvantra,MP-ONC-1649,2026-05-01,Covered,Y,Y,Physician Office,N,https://policies.example/prairie-pos/mp-onc-1649,2026-08-01
2026-08-01,PYR10650,Granite Wellness,PLN52650,Granite EPO,Commercial,737464,J9345,Onvantra,MP-ONC-1650,2026-05-01,Covered,Y,N,Physician Office,N,https://policies.example/granite-epo/mp-onc-1650,2026-08-01
2026-08-01,PYR10651,Pinecrest Care,PLN52651,Pinecrest HMO,Commercial,2100170,J9345,Onvantra,MP-ONC-1651,2026-01-15,Covered,Y,N,Physician Office; Outpatient Hospital,N,https://policies.example/pinecrest-hmo/mp-onc-1651,2026-08-01
2026-08-01,PYR10652,Lantern Benefit,PLN52652,Lantern HMO,Health Exchange,2430780,J9345,Onvantra,MP-ONC-1652,2026-05-01,Covered,Y,N,Physician Office; Outpatient Hospital,N,https://policies.example/lantern-hmo/mp-onc-1652,2026-08-01
2026-08-01,PYR10653,Stonegate Benefit,PLN52653,Stonegate HMO,Commercial,1163792,J9345,Onvantra,MP-ONC-1653,2026-01-15,Covered,Y,Y,Physician Office; Outpatient Hospital,Y,https://policies.example/stonegate-hmo/mp-onc-1653,2026-08-01
2026-08-01,PYR10654,Vantage Health Plan,PLN52654,Vantage Complete,Commercial,2456025,J9345,Onvantra,MP-ONC-1654,2026-05-01,Covered,Y,N,Physician Office,Y,https://policies.example/vantage-complete/mp-onc-1654,2026-08-01
2026-08-01,PYR10655,Keystone Health Plan,PLN52655,Keystone PPO,Medicare Advantage,353575,J9345,Onvantra,MP-ONC-1655,2026-05-01,Covered,Y,N,Physician Office; Outpatient Hospital,N,https://policies.example/keystone-ppo/mp-onc-1655,2026-08-01
2026-08-01,PYR10656,Copperfield Mutual,PLN52656,Copperfield Complete,Health Exchange,547225,J9345,Onvantra,MP-ONC-1656,2026-03-01,Covered,Y,N,Outpatient Hospital; Physician Office; Home Infusion,Y,https://policies.example/copperfield-complete/mp-onc-1656,2026-08-01
2026-08-01,PYR10657,Monarch Wellness,PLN52657,Monarch EPO,Managed Medicaid,2916089,J9345,Onvantra,MP-ONC-1657,2025-10-01,Covered,Y,N,Physician Office; Home Infusion,Y,https://policies.example/monarch-epo/mp-onc-1657,2026-08-01
2026-08-01,PYR10658,Everest Benefit,PLN52658,Everest Advantage,Commercial,2354206,J9345,Onvantra,MP-ONC-1658,2025-10-01,Covered,Y,N,Physician Office,Y,https://policies.example/everest-advantage/mp-onc-1658,2026-08-01
2026-08-01,PYR10659,Brightwater Benefit,PLN52659,Brightwater Preferred,Managed Medicaid,934710,J9345,Onvantra,MP-ONC-1659,2025-11-01,Covered,N,N,Outpatient Hospital; Physician Office; Home Infusion,N,https://policies.example/brightwater-preferred/mp-onc-1659,2026-08-01
2026-08-01,PYR10660,Northgate Health Plan,PLN52660,Northgate Complete,Medicare Advantage,754555,J9345,Onvantra,MP-ONC-1660,2026-01-15,Covered,Y,N,Physician Office,Y,https://policies.example/northgate-complete/mp-onc-1660,2026-08-01
2026-08-01,PYR10661,Copperfield Wellness,PLN52661,Copperfield Advantage,Commercial,1417133,J9345,Onvantra,MP-ONC-1661,2025-10-01,Covered,N,N,Physician Office,Y,https://policies.example/copperfield-advantage/mp-onc-1661,2026-08-01
2026-08-01,PYR10662,Union Health Plan,PLN52662,Union EPO,Commercial,2049494,J9345,Onvantra,MP-ONC-1662,2026-03-01,Covered,Y,N,Physician Office; Outpatient Hospital,Y,https://policies.example/union-epo/mp-onc-1662,2026-08-01
2026-08-01,PYR10663,Yellowstone Benefit,PLN52663,Yellowstone Advantage,Commercial,3148508,J9345,Onvantra,MP-ONC-1663,2025-11-01,Covered,Y,N,Physician Office,N,https://policies.example/yellowstone-advantage/mp-onc-1663,2026-08-01
2026-08-01,PYR10664,Riverbend Wellness,PLN52664,Riverbend Advantage,Commercial,1590096,J9345,Onvantra,MP-ONC-1664,2026-03-01,Covered,Y,N,Physician Office; Home Infusion,Y,https://policies.example/riverbend-advantage/mp-onc-1664,2026-08-01
2026-08-01,PYR10665,Harborview Mutual,PLN52665,Harborview EPO,Commercial,2571149,J9345,Onvantra,MP-ONC-1665,2025-11-01,Covered,N,N,Physician Office; Home Infusion,N,https://policies.example/harborview-epo/mp-onc-1665,2026-08-01
2026-08-01,PYR10666,Prairie Wellness,PLN52666,Prairie Choice HMO,Commercial,863133,J9345,Onvantra,MP-ONC-1666,2026-05-01,Covered,Y,N,Physician Office,Y,https://policies.example/prairie-choice-hmo/mp-onc-1666,2026-08-01
2026-08-01,PYR10667,Harborview Insurance,PLN52667,Harborview EPO,Commercial,1967592,J9345,Onvantra,MP-ONC-1667,2025-11-01,Covered,N,Y,Physician Office; Outpatient Hospital,N,https://policies.example/harborview-epo/mp-onc-1667,2026-08-01
2026-08-01,PYR10668,Copperfield Health Plan,PLN52668,Copperfield EPO,Managed Medicaid,2333425,J9345,Onvantra,MP-ONC-1668,2026-03-01,Covered,Y,N,Physician Office; Home Infusion,Y,https://policies.example/copperfield-epo/mp-onc-1668,2026-08-01
2026-08-01,PYR10669,Fairview Alliance,PLN52669,Fairview Complete,Commercial,75833,J9345,Onvantra,MP-ONC-1669,2026-03-01,Covered,N,N,Physician Office; Outpatient Hospital,N,https://policies.example/fairview-complete/mp-onc-1669,2026-08-01
2026-08-01,PYR10670,Yellowstone Wellness,PLN52670,Yellowstone EPO,Managed Medicaid,36296,J9345,Onvantra,MP-ONC-1670,2026-05-01,Covered,N,N,Physician Office,N,https://policies.example/yellowstone-epo/mp-onc-1670,2026-08-01
2026-08-01,PYR10671,Granite Mutual,PLN52671,Granite Preferred,Medicare Advantage,2025201,J9345,Onvantra,MP-ONC-1671,2025-10-01,Covered,Y,Y,Physician Office; Home Infusion,N,https://policies.example/granite-preferred/mp-onc-1671,2026-08-01
2026-08-01,PYR10672,Vantage Health,PLN52672,Vantage Advantage,Commercial,571634,J9345,Onvantra,MP-ONC-1672,2025-10-01,Covered,Y,N,Physician Office; Outpatient Hospital,Y,https://policies.example/vantage-advantage/mp-onc-1672,2026-08-01
2026-08-01,PYR10673,Cascade Alliance,PLN52673,Cascade Select PPO,Commercial,2964872,J9345,Onvantra,MP-ONC-1673,2025-11-01,Covered,N,N,Physician Office; Home Infusion,N,https://policies.example/cascade-select-ppo/mp-onc-1673,2026-08-01
2026-08-01,PYR10674,Lantern Health Plan,PLN52674,Lantern Choice HMO,Health Exchange,1962397,J9345,Onvantra,MP-ONC-1674,2026-01-15,Covered,Y,N,Physician Office; Home Infusion,Y,https://policies.example/lantern-choice-hmo/mp-onc-1674,2026-08-01
2026-08-01,PYR10675,Trailhead Health,PLN52675,Trailhead Select PPO,Medicare Advantage,3172841,J9345,Onvantra,MP-ONC-1675,2026-01-15,Covered,Y,N,Physician Office,Y,https://policies.example/trailhead-select-ppo/mp-onc-1675,2026-08-01
2026-08-01,PYR10676,Harborview Benefit,PLN52676,Harborview PPO,Commercial,1621229,J9345,Onvantra,MP-ONC-1676,2026-01-15,Covered,Y,Y,Physician Office,N,https://policies.example/harborview-ppo/mp-onc-1676,2026-08-01
2026-08-01,PYR10677,Stonegate Care,PLN52677,Stonegate Preferred,Health Exchange,873626,J9345,Onvantra,MP-ONC-1677,2025-10-01,Covered,Y,N,Physician Office; Outpatient Hospital,Y,https://policies.example/stonegate-preferred/mp-onc-1677,2026-08-01
2026-08-01,PYR10678,Quarry Wellness,PLN52678,Quarry POS,Commercial,1494379,J9345,Onvantra,MP-ONC-1678,2025-10-01,Covered,Y,Y,Outpatient Hospital; Physician Office; Home Infusion,N,https://policies.example/quarry-pos/mp-onc-1678,2026-08-01
2026-08-01,PYR10679,Juniper Benefit,PLN52679,Juniper Complete,Medicare Advantage,2118234,J9345,Onvantra,MP-ONC-1679,2026-05-01,Covered,Y,Y,Outpatient Hospital; Physician Office; Home Infusion,N,https://policies.example/juniper-complete/mp-onc-1679,2026-08-01
2026-08-01,PYR10680,Juniper Care,PLN52680,Juniper POS,Medicare Advantage,381199,J9345,Onvantra,MP-ONC-1680,2025-10-01,Covered,Y,Y,Physician Office; Outpatient Hospital,N,https://policies.example/juniper-pos/mp-onc-1680,2026-08-01
2026-08-01,PYR10681,Riverbend Health Plan,PLN52681,Riverbend Select PPO,Commercial,2938774,J9345,Onvantra,MP-ONC-1681,2026-05-01,Covered,Y,Y,Physician Office; Outpatient Hospital,N,https://policies.example/riverbend-select-ppo/mp-onc-1681,2026-08-01
2026-08-01,PYR10682,Cascade Insurance,PLN52682,Cascade Advantage,Health Exchange,2285942,J9345,Onvantra,MP-ONC-1682,2026-03-01,Covered,Y,Y,Outpatient Hospital; Physician Office; Home Infusion,N,https://policies.example/cascade-advantage/mp-onc-1682,2026-08-01
2026-08-01,PYR10683,Cascade Insurance,PLN52683,Cascade POS,Commercial,107428,J9345,Onvantra,MP-ONC-1683,2026-01-15,Covered,Y,N,Physician Office; Home Infusion,Y,https://policies.example/cascade-pos/mp-onc-1683,2026-08-01
2026-08-01,PYR10684,Foundry Alliance,PLN52684,Foundry Preferred,Managed Medicaid,1882540,J9345,Onvantra,MP-ONC-1684,2025-11-01,Covered,N,N,Physician Office; Outpatient Hospital,N,https://policies.example/foundry-preferred/mp-onc-1684,2026-08-01
2026-08-01,PYR10685,Bluegrass Wellness,PLN52685,Bluegrass Complete,Commercial,1223573,J9345,Onvantra,MP-ONC-1685,2026-03-01,Covered,Y,N,Outpatient Hospital; Physician Office; Home Infusion,N,https://policies.example/bluegrass-complete/mp-onc-1685,2026-08-01
2026-08-01,PYR10686,Pinecrest Health Plan,PLN52686,Pinecrest Preferred,Commercial,779539,J9345,Onvantra,MP-ONC-1686,2025-10-01,Covered,Y,N,Physician Office; Outpatient Hospital,N,https://policies.example/pinecrest-preferred/mp-onc-1686,2026-08-01
2026-08-01,PYR10687,Granite Benefit,PLN52687,Granite EPO,Medicare Advantage,1107226,J9345,Onvantra,MP-ONC-1687,2025-10-01,Covered,Y,N,Physician Office; Outpatient Hospital,Y,https://policies.example/granite-epo/mp-onc-1687,2026-08-01
2026-08-01,PYR10688,Foundry Benefit,PLN52688,Foundry EPO,Commercial,1895847,J9345,Onvantra,MP-ONC-1688,2026-03-01,Covered,Y,N,Physician Office,N,https://policies.example/foundry-epo/mp-onc-1688,2026-08-01
2026-08-01,PYR10689,Ridgeline Health Plan,PLN52689,Ridgeline Complete,Commercial,669534,J9345,Onvantra,MP-ONC-1689,2026-01-15,Covered,Y,N,Outpatient Hospital; Physician Office; Home Infusion,N,https://policies.example/ridgeline-complete/mp-onc-1689,2026-08-01
2026-08-01,PYR10690,Wayfarer Health Plan,PLN52690,Wayfarer Complete,Commercial,2905491,J9345,Onvantra,MP-ONC-1690,2026-05-01,Covered,Y,Y,Physician Office,N,https://policies.example/wayfarer-complete/mp-onc-1690,2026-08-01
2026-08-01,PYR10691,Northgate Insurance,PLN52691,Northgate PPO,Medicare Advantage,2605074,J9345,Onvantra,MP-ONC-1691,2026-01-15,Covered,Y,Y,Outpatient Hospital; Physician Office; Home Infusion,N,https://policies.example/northgate-ppo/mp-onc-1691,2026-08-01
2026-08-01,PYR10692,Harborview Wellness,PLN52692,Harborview Preferred,Commercial,1180711,J9345,Onvantra,MP-ONC-1692,2026-03-01,Covered,Y,N,Physician Office,Y,https://policies.example/harborview-preferred/mp-onc-1692,2026-08-01
2026-08-01,PYR10693,Cedar Mutual,PLN52693,Cedar POS,Medicare Advantage,1347772,J9345,Onvantra,MP-ONC-1693,2026-03-01,Covered,Y,N,Physician Office; Home Infusion,N,https://policies.example/cedar-pos/mp-onc-1693,2026-08-01
2026-08-01,PYR10694,Juniper Mutual,PLN52694,Juniper Choice HMO,Commercial,1208910,J9345,Onvantra,MP-ONC-1694,2026-05-01,Covered,Y,N,Outpatient Hospital; Physician Office; Home Infusion,N,https://policies.example/juniper-choice-hmo/mp-onc-1694,2026-08-01
2026-08-01,PYR10695,Cedar Wellness,PLN52695,Cedar Complete,Health Exchange,1758193,J9345,Onvantra,MP-ONC-1695,2026-03-01,Covered,N,N,Physician Office; Outpatient Hospital,Y,https://policies.example/cedar-complete/mp-onc-1695,2026-08-01
2026-08-01,PYR10696,Monarch Health Plan,PLN52696,Monarch HMO,Commercial,886508,J9345,Onvantra,MP-ONC-1696,2026-05-01,Covered,Y,Y,Outpatient Hospital; Physician Office; Home Infusion,N,https://policies.example/monarch-hmo/mp-onc-1696,2026-08-01
2026-08-01,PYR10697,Keystone Care,PLN52697,Keystone PPO,Medicare Advantage,2694346,J9345,Onvantra,MP-ONC-1697,2026-03-01,Covered,Y,Y,Physician Office; Outpatient Hospital,Y,https://policies.example/keystone-ppo/mp-onc-1697,2026-08-01
2026-08-01,PYR10698,Wayfarer Health Plan,PLN52698,Wayfarer POS,Commercial,1616257,J9345,Onvantra,MP-ONC-1698,2026-05-01,Covered,Y,Y,Physician Office,N,https://policies.example/wayfarer-pos/mp-onc-1698,2026-08-01
2026-08-01,PYR10699,Everest Alliance,PLN52699,Everest Preferred,Health Exchange,1958857,J9345,Onvantra,MP-ONC-1699,2026-01-15,Covered,Y,N,Physician Office,N,https://policies.example/everest-preferred/mp-onc-1699,2026-08-01
2026-08-01,PYR10700,Everest Alliance,PLN52700,Everest HMO,Health Exchange,2808043,J9345,Onvantra,MP-ONC-1700,2025-11-01,Covered,Y,Y,Physician Office; Outpatient Hospital,N,https://policies.example/everest-hmo/mp-onc-1700,2026-08-01
2026-08-01,PYR10701,Cascade Care,PLN52701,Cascade Select PPO,Medicare Advantage,294864,J9345,Onvantra,MP-ONC-1701,2026-03-01,Covered,Y,Y,Physician Office; Home Infusion,N,https://policies.example/cascade-select-ppo/mp-onc-1701,2026-08-01
2026-08-01,PYR10702,Northgate Benefit,PLN52702,Northgate Preferred,Health Exchange,2427830,J9345,Onvantra,MP-ONC-1702,2025-10-01,Covered,Y,N,Physician Office; Outpatient Hospital,Y,https://policies.example/northgate-preferred/mp-onc-1702,2026-08-01
2026-08-01,PYR10703,Beacon Benefit,PLN52703,Beacon Complete,Health Exchange,583317,J9345,Onvantra,MP-ONC-1703,2026-01-15,Covered,Y,N,Physician Office,N,https://policies.example/beacon-complete/mp-onc-1703,2026-08-01
2026-08-01,PYR10704,Monarch Benefit,PLN52704,Monarch PPO,Commercial,1238327,J9345,Onvantra,MP-ONC-1704,2026-05-01,Covered,Y,N,Physician Office; Outpatient Hospital,N,https://policies.example/monarch-ppo/mp-onc-1704,2026-08-01
2026-08-01,PYR10705,Pinecrest Benefit,PLN52705,Pinecrest Choice HMO,Health Exchange,1277788,J9345,Onvantra,MP-ONC-1705,2026-05-01,Covered,Y,N,Physician Office,Y,https://policies.example/pinecrest-choice-hmo/mp-onc-1705,2026-08-01
2026-08-01,PYR10706,Highland Health Plan,PLN52706,Highland PPO,Commercial,2188365,J9345,Onvantra,MP-ONC-1706,2026-01-15,Covered,Y,N,Physician Office; Home Infusion,N,https://policies.example/highland-ppo/mp-onc-1706,2026-08-01
2026-08-01,PYR10707,Pinecrest Care,PLN52707,Pinecrest POS,Commercial,2126340,J9345,Onvantra,MP-ONC-1707,2026-03-01,Covered,Y,N,Physician Office,N,https://policies.example/pinecrest-pos/mp-onc-1707,2026-08-01
2026-08-01,PYR10708,Summit Care,PLN52708,Summit EPO,Commercial,2026245,J9345,Onvantra,MP-ONC-1708,2026-03-01,Covered,Y,N,Outpatient Hospital; Physician Office; Home Infusion,N,https://policies.example/summit-epo/mp-onc-1708,2026-08-01
2026-08-01,PYR10709,Zephyr Benefit,PLN52709,Zephyr EPO,Health Exchange,1292938,J9345,Onvantra,MP-ONC-1709,2025-11-01,Covered,Y,N,Physician Office; Outpatient Hospital,N,https://policies.example/zephyr-epo/mp-onc-1709,2026-08-01
2026-08-01,PYR10710,Ironwood Insurance,PLN52710,Ironwood EPO,Commercial,561174,J9345,Onvantra,MP-ONC-1710,2025-10-01,Covered,Y,Y,Physician Office,N,https://policies.example/ironwood-epo/mp-onc-1710,2026-08-01
2026-08-01,PYR10711,Quarry Mutual,PLN52711,Quarry PPO,Commercial,467218,J9345,Onvantra,MP-ONC-1711,2026-01-15,Covered,Y,N,Physician Office; Home Infusion,N,https://policies.example/quarry-ppo/mp-onc-1711,2026-08-01
2026-08-01,PYR10712,Granite Care,PLN52712,Granite Select PPO,Health Exchange,58085,J9345,Onvantra,MP-ONC-1712,2025-11-01,Covered,Y,N,Physician Office; Outpatient Hospital,Y,https://policies.example/granite-select-ppo/mp-onc-1712,2026-08-01
2026-08-01,PYR10713,Stonegate Benefit,PLN52713,Stonegate PPO,Commercial,625510,J9345,Onvantra,MP-ONC-1713,2026-05-01,Covered,Y,N,Outpatient Hospital; Physician Office; Home Infusion,N,https://policies.example/stonegate-ppo/mp-onc-1713,2026-08-01
2026-08-01,PYR10714,Brightwater Wellness,PLN52714,Brightwater Preferred,Managed Medicaid,301626,J9345,Onvantra,MP-ONC-1714,2025-11-01,Covered,Y,N,Physician Office; Outpatient Hospital,Y,https://policies.example/brightwater-preferred/mp-onc-1714,2026-08-01
2026-08-01,PYR10715,Copperfield Health Plan,PLN52715,Copperfield Preferred,Commercial,3057335,J9345,Onvantra,MP-ONC-1715,2026-05-01,Covered,Y,N,Physician Office; Home Infusion,N,https://policies.example/copperfield-preferred/mp-onc-1715,2026-08-01
2026-08-01,PYR10716,Stonegate Alliance,PLN52716,Stonegate HMO,Commercial,1503232,J9345,Onvantra,MP-ONC-1716,2025-11-01,Covered,N,Y,Physician Office; Outpatient Hospital,Y,https://policies.example/stonegate-hmo/mp-onc-1716,2026-08-01
2026-08-01,PYR10717,Monarch Care,PLN52717,Monarch Choice HMO,Commercial,1969133,J9345,Onvantra,MP-ONC-1717,2026-01-15,Covered,Y,N,Physician Office; Home Infusion,N,https://policies.example/monarch-choice-hmo/mp-onc-1717,2026-08-01
2026-08-01,PYR10718,Vantage Health,PLN52718,Vantage HMO,Commercial,2085781,J9345,Onvantra,MP-ONC-1718,2026-05-01,Covered,Y,Y,Outpatient Hospital; Physician Office; Home Infusion,N,https://policies.example/vantage-hmo/mp-onc-1718,2026-08-01
2026-08-01,PYR10719,Everest Alliance,PLN52719,Everest POS,Managed Medicaid,1723265,J9345,Onvantra,MP-ONC-1719,2026-03-01,Covered,Y,Y,Physician Office; Outpatient Hospital,N,https://policies.example/everest-pos/mp-onc-1719,2026-08-01
2026-08-01,PYR10720,Juniper Health Plan,PLN52720,Juniper PPO,Health Exchange,2077122,J9345,Onvantra,MP-ONC-1720,2025-10-01,Covered,Y,Y,Physician Office; Home Infusion,Y,https://policies.example/juniper-ppo/mp-onc-1720,2026-08-01
2026-08-01,PYR10721,Northgate Health Plan,PLN52721,Northgate Advantage,Medicare Advantage,2930196,J9345,Onvantra,MP-ONC-1721,2025-11-01,Covered,Y,N,Physician Office,N,https://policies.example/northgate-advantage/mp-onc-1721,2026-08-01
2026-08-01,PYR10722,Gateway Wellness,PLN52722,Gateway Advantage,Commercial,991726,J9345,Onvantra,MP-ONC-1722,2026-05-01,Covered,N,Y,Outpatient Hospital; Physician Office; Home Infusion,Y,https://policies.example/gateway-advantage/mp-onc-1722,2026-08-01
2026-08-01,PYR10723,Yellowstone Insurance,PLN52723,Yellowstone Advantage,Commercial,2010760,J9345,Onvantra,MP-ONC-1723,2026-03-01,Covered,N,Y,Outpatient Hospital; Physician Office; Home Infusion,N,https://policies.example/yellowstone-advantage/mp-onc-1723,2026-08-01
2026-08-01,PYR10724,Riverbend Care,PLN52724,Riverbend Select PPO,Medicare Advantage,2100717,J9345,Onvantra,MP-ONC-1724,2025-10-01,Covered,Y,N,Physician Office,N,https://policies.example/riverbend-select-ppo/mp-onc-1724,2026-08-01
2026-08-01,PYR10725,Summit Alliance,PLN52725,Summit PPO,Commercial,1619879,J9345,Onvantra,MP-ONC-1725,2026-05-01,Covered,Y,N,Outpatient Hospital; Physician Office; Home Infusion,Y,https://policies.example/summit-ppo/mp-onc-1725,2026-08-01
2026-08-01,PYR10726,Riverbend Care,PLN52726,Riverbend Preferred,Medicare Advantage,1969637,J9345,Onvantra,MP-ONC-1726,2026-05-01,Covered,Y,N,Physician Office; Home Infusion,N,https://policies.example/riverbend-preferred/mp-onc-1726,2026-08-01
2026-08-01,PYR10727,Bluegrass Benefit,PLN52727,Bluegrass Preferred,Managed Medicaid,89114,J9345,Onvantra,MP-ONC-1727,2026-03-01,Covered,Y,Y,Physician Office,N,https://policies.example/bluegrass-preferred/mp-onc-1727,2026-08-01
2026-08-01,PYR10728,Foundry Mutual,PLN52728,Foundry Complete,Medicare Advantage,165915,J9345,Onvantra,MP-ONC-1728,2025-11-01,Covered,Y,N,Outpatient Hospital; Physician Office; Home Infusion,Y,https://policies.example/foundry-complete/mp-onc-1728,2026-08-01
2026-08-01,PYR10729,Ridgeline Mutual,PLN52729,Ridgeline EPO,Commercial,3016960,J9345,Onvantra,MP-ONC-1729,2026-03-01,Covered,N,Y,Physician Office,Y,https://policies.example/ridgeline-epo/mp-onc-1729,2026-08-01
2026-08-01,PYR10730,Vantage Alliance,PLN52730,Vantage Complete,Managed Medicaid,670615,J9345,Onvantra,MP-ONC-1730,2026-05-01,Covered,Y,Y,Outpatient Hospital; Physician Office; Home Infusion,N,https://policies.example/vantage-complete/mp-onc-1730,2026-08-01
2026-08-01,PYR10731,Keystone Benefit,PLN52731,Keystone Select PPO,Commercial,272630,J9345,Onvantra,MP-ONC-1731,2026-01-15,Covered,Y,N,Physician Office; Outpatient Hospital,N,https://policies.example/keystone-select-ppo/mp-onc-1731,2026-08-01
2026-08-01,PYR10732,Yellowstone Health,PLN52732,Yellowstone Choice HMO,Medicare Advantage,423315,J9345,Onvantra,MP-ONC-1732,2026-01-15,Covered,N,N,Outpatient Hospital; Physician Office; Home Infusion,N,https://policies.example/yellowstone-choice-hmo/mp-onc-1732,2026-08-01
2026-08-01,PYR10733,Harborview Wellness,PLN52733,Harborview POS,Commercial,2733256,J9345,Onvantra,MP-ONC-1733,2025-10-01,Covered,Y,N,Physician Office,N,https://policies.example/harborview-pos/mp-onc-1733,2026-08-01
2026-08-01,PYR10734,Gateway Health Plan,PLN52734,Gateway PPO,Managed Medicaid,1382833,J9345,Onvantra,MP-ONC-1734,2026-05-01,Covered,Y,Y,Physician Office; Home Infusion,Y,https://policies.example/gateway-ppo/mp-onc-1734,2026-08-01
2026-08-01,PYR10735,Monarch Insurance,PLN52735,Monarch PPO,Health Exchange,1985064,J9345,Onvantra,MP-ONC-1735,2026-03-01,Covered,Y,N,Physician Office; Home Infusion,Y,https://policies.example/monarch-ppo/mp-onc-1735,2026-08-01
2026-08-01,PYR10736,Foundry Care,PLN52736,Foundry Complete,Commercial,2912693,J9345,Onvantra,MP-ONC-1736,2026-01-15,Covered,Y,N,Physician Office; Home Infusion,Y,https://policies.example/foundry-complete/mp-onc-1736,2026-08-01
2026-08-01,PYR10737,Pinecrest Insurance,PLN52737,Pinecrest Choice HMO,Medicare Advantage,861237,J9345,Onvantra,MP-ONC-1737,2026-01-15,Covered,N,N,Physician Office; Outpatient Hospital,N,https://policies.example/pinecrest-choice-hmo/mp-onc-1737,2026-08-01
2026-08-01,PYR10738,Harborview Insurance,PLN52738,Harborview Advantage,Commercial,2634646,J9345,Onvantra,MP-ONC-1738,2025-10-01,Covered,Y,N,Outpatient Hospital; Physician Office; Home Infusion,N,https://policies.example/harborview-advantage/mp-onc-1738,2026-08-01
2026-08-01,PYR10739,Wayfarer Alliance,PLN52739,Wayfarer Advantage,Commercial,1471750,J9345,Onvantra,MP-ONC-1739,2026-05-01,Covered,Y,N,Outpatient Hospital; Physician Office; Home Infusion,N,https://policies.example/wayfarer-advantage/mp-onc-1739,2026-08-01
2026-08-01,PYR10740,Foundry Wellness,PLN52740,Foundry Advantage,Medicare Advantage,1068880,J9345,Onvantra,MP-ONC-1740,2026-05-01,Covered,N,N,Physician Office,Y,https://policies.example/foundry-advantage/mp-onc-1740,2026-08-01
2026-08-01,PYR10741,Stonegate Alliance,PLN52741,Stonegate POS,Health Exchange,3128046,J9345,Onvantra,MP-ONC-1741,2025-10-01,Covered,N,N,Physician Office; Home Infusion,Y,https://policies.example/stonegate-pos/mp-onc-1741,2026-08-01
2026-08-01,PYR10742,Trailhead Wellness,PLN52742,Trailhead Choice HMO,Medicare Advantage,634681,J9345,Onvantra,MP-ONC-1742,2026-03-01,Covered,Y,N,Outpatient Hospital; Physician Office; Home Infusion,N,https://policies.example/trailhead-choice-hmo/mp-onc-1742,2026-08-01
2026-08-01,PYR10743,Foundry Care,PLN52743,Foundry POS,Medicare Advantage,1134605,J9345,Onvantra,MP-ONC-1743,2026-05-01,Covered,Y,N,Outpatient Hospital; Physician Office; Home Infusion,Y,https://policies.example/foundry-pos/mp-onc-1743,2026-08-01
2026-08-01,PYR10744,Silverpeak Mutual,PLN52744,Silverpeak POS,Commercial,643987,J9345,Onvantra,MP-ONC-1744,2026-03-01,Covered,Y,N,Physician Office; Outpatient Hospital,N,https://policies.example/silverpeak-pos/mp-onc-1744,2026-08-01
2026-08-01,PYR10745,Ridgeline Mutual,PLN52745,Ridgeline Advantage,Health Exchange,170204,J9345,Onvantra,MP-ONC-1745,2025-10-01,Covered,Y,N,Outpatient Hospital; Physician Office; Home Infusion,N,https://policies.example/ridgeline-advantage/mp-onc-1745,2026-08-01
2026-08-01,PYR10746,Bluegrass Insurance,PLN52746,Bluegrass Preferred,Commercial,2717364,J9345,Onvantra,MP-ONC-1746,2025-10-01,Covered,Y,Y,Physician Office,N,https://policies.example/bluegrass-preferred/mp-onc-1746,2026-08-01
2026-08-01,PYR10747,Foundry Insurance,PLN52747,Foundry HMO,Medicare Advantage,1539353,J9345,Onvantra,MP-ONC-1747,2025-10-01,Covered,Y,Y,Physician Office; Outpatient Hospital,N,https://policies.example/foundry-hmo/mp-onc-1747,2026-08-01
2026-08-01,PYR10748,Wayfarer Care,PLN52748,Wayfarer Preferred,Health Exchange,2449456,J9345,Onvantra,MP-ONC-1748,2026-05-01,Covered,Y,Y,Physician Office,N,https://policies.example/wayfarer-preferred/mp-onc-1748,2026-08-01
2026-08-01,PYR10749,Northgate Benefit,PLN52749,Northgate Choice HMO,Managed Medicaid,3107193,J9345,Onvantra,MP-ONC-1749,2025-11-01,Covered,N,N,Physician Office; Home Infusion,N,https://policies.example/northgate-choice-hmo/mp-onc-1749,2026-08-01
2026-08-01,PYR10750,Riverbend Health Plan,PLN52750,Riverbend POS,Commercial,1858293,J9345,Onvantra,MP-ONC-1750,2026-05-01,Covered,N,N,Physician Office,N,https://policies.example/riverbend-pos/mp-onc-1750,2026-08-01
2026-08-01,PYR10751,Juniper Care,PLN52751,Juniper Choice HMO,Managed Medicaid,1792467,J9345,Onvantra,MP-ONC-1751,2026-01-15,Covered,N,N,Outpatient Hospital; Physician Office; Home Infusion,N,https://policies.example/juniper-choice-hmo/mp-onc-1751,2026-08-01
2026-08-01,PYR10752,Quarry Benefit,PLN52752,Quarry Select PPO,Commercial,2721993,J9345,Onvantra,MP-ONC-1752,2026-05-01,Covered,Y,N,Physician Office; Outpatient Hospital,N,https://policies.example/quarry-select-ppo/mp-onc-1752,2026-08-01
2026-08-01,PYR10753,Keystone Insurance,PLN52753,Keystone Choice HMO,Health Exchange,526930,J9345,Onvantra,MP-ONC-1753,2026-03-01,Covered,Y,Y,Physician Office; Home Infusion,N,https://policies.example/keystone-choice-hmo/mp-onc-1753,2026-08-01
2026-08-01,PYR10754,Bluegrass Insurance,PLN52754,Bluegrass HMO,Commercial,1262482,J9345,Onvantra,MP-ONC-1754,2026-01-15,Covered,Y,N,Physician Office; Home Infusion,Y,https://policies.example/bluegrass-hmo/mp-onc-1754,2026-08-01
2026-08-01,PYR10755,Monarch Health,PLN52755,Monarch Select PPO,Commercial,2077305,J9345,Onvantra,MP-ONC-1755,2026-03-01,Covered,N,Y,Outpatient Hospital; Physician Office; Home Infusion,Y,https://policies.example/monarch-select-ppo/mp-onc-1755,2026-08-01
2026-08-01,PYR10756,Riverbend Health Plan,PLN52756,Riverbend Select PPO,Managed Medicaid,293364,J9345,Onvantra,MP-ONC-1756,2025-10-01,Covered,Y,Y,Outpatient Hospital; Physician Office; Home Infusion,N,https://policies.example/riverbend-select-ppo/mp-onc-1756,2026-08-01
2026-08-01,PYR10757,Harborview Health Plan,PLN52757,Harborview Complete,Health Exchange,585812,J9345,Onvantra,MP-ONC-1757,2026-01-15,Covered,Y,Y,Physician Office; Outpatient Hospital,Y,https://policies.example/harborview-complete/mp-onc-1757,2026-08-01
2026-08-01,PYR10758,Foundry Care,PLN52758,Foundry HMO,Commercial,1061913,J9345,Onvantra,MP-ONC-1758,2026-03-01,Covered,Y,Y,Outpatient Hospital; Physician Office; Home Infusion,N,https://policies.example/foundry-hmo/mp-onc-1758,2026-08-01
2026-08-01,PYR10759,Lakeside Insurance,PLN52759,Lakeside EPO,Health Exchange,2502307,J9345,Onvantra,MP-ONC-1759,2026-03-01,Covered,Y,N,Physician Office; Outpatient Hospital,N,https://policies.example/lakeside-epo/mp-onc-1759,2026-08-01
2026-08-01,PYR10760,Juniper Health Plan,PLN52760,Juniper Advantage,Medicare Advantage,2407391,J9345,Onvantra,MP-ONC-1760,2026-05-01,Covered,Y,N,Physician Office,Y,https://policies.example/juniper-advantage/mp-onc-1760,2026-08-01
2026-08-01,PYR10761,Ironwood Care,PLN52761,Ironwood Complete,Commercial,1112998,J9345,Onvantra,MP-ONC-1761,2026-03-01,Covered,Y,N,Physician Office; Home Infusion,Y,https://policies.example/ironwood-complete/mp-onc-1761,2026-08-01
2026-08-01,PYR10762,Zephyr Insurance,PLN52762,Zephyr EPO,Commercial,1558168,J9345,Onvantra,MP-ONC-1762,2026-05-01,Covered,Y,N,Physician Office,Y,https://policies.example/zephyr-epo/mp-onc-1762,2026-08-01
2026-08-01,PYR10763,Nautilus Alliance,PLN52763,Nautilus Complete,Commercial,956553,J9345,Onvantra,MP-ONC-1763,2026-03-01,Covered,Y,N,Outpatient Hospital; Physician Office; Home Infusion,N,https://policies.example/nautilus-complete/mp-onc-1763,2026-08-01
2026-08-01,PYR10764,Keystone Health Plan,PLN52764,Keystone Advantage,Commercial,2531929,J9345,Onvantra,MP-ONC-1764,2025-11-01,Covered,Y,N,Physician Office; Outpatient Hospital,N,https://policies.example/keystone-advantage/mp-onc-1764,2026-08-01
2026-08-01,PYR10765,Monarch Health Plan,PLN52765,Monarch PPO,Commercial,1113066,J9345,Onvantra,MP-ONC-1765,2026-05-01,Covered,Y,Y,Physician Office; Outpatient Hospital,N,https://policies.example/monarch-ppo/mp-onc-1765,2026-08-01
2026-08-01,PYR10766,Prairie Care,PLN52766,Prairie PPO,Medicare Advantage,573701,J9345,Onvantra,MP-ONC-1766,2026-03-01,Covered,Y,Y,Physician Office; Outpatient Hospital,Y,https://policies.example/prairie-ppo/mp-onc-1766,2026-08-01
2026-08-01,PYR10767,Nautilus Insurance,PLN52767,Nautilus HMO,Commercial,2351227,J9345,Onvantra,MP-ONC-1767,2026-03-01,Covered,Y,N,Outpatient Hospital; Physician Office; Home Infusion,N,https://policies.example/nautilus-hmo/mp-onc-1767,2026-08-01
2026-08-01,PYR10768,Highland Health,PLN52768,Highland PPO,Commercial,2131202,J9345,Onvantra,MP-ONC-1768,2026-01-15,Covered,N,N,Physician Office; Home Infusion,Y,https://policies.example/highland-ppo/mp-onc-1768,2026-08-01
2026-08-01,PYR10769,Lakeside Health,PLN52769,Lakeside EPO,Commercial,727471,J9345,Onvantra,MP-ONC-1769,2025-10-01,Covered,N,N,Physician Office; Home Infusion,N,https://policies.example/lakeside-epo/mp-onc-1769,2026-08-01
2026-08-01,PYR10770,Foundry Mutual,PLN52770,Foundry EPO,Commercial,505071,J9345,Onvantra,MP-ONC-1770,2026-01-15,Covered,Y,N,Physician Office; Outpatient Hospital,N,https://policies.example/foundry-epo/mp-onc-1770,2026-08-01
2026-08-01,PYR10771,Juniper Mutual,PLN52771,Juniper Select PPO,Commercial,2585821,J9345,Onvantra,MP-ONC-1771,2026-01-15,Covered,Y,N,Physician Office; Home Infusion,N,https://policies.example/juniper-select-ppo/mp-onc-1771,2026-08-01
2026-08-01,PYR10772,Ridgeline Health Plan,PLN52772,Ridgeline Preferred,Health Exchange,2685312,J9345,Onvantra,MP-ONC-1772,2025-10-01,Covered,N,N,Physician Office; Outpatient Hospital,N,https://policies.example/ridgeline-preferred/mp-onc-1772,2026-08-01
2026-08-01,PYR10773,Ironwood Health Plan,PLN52773,Ironwood PPO,Medicare Advantage,1106458,J9345,Onvantra,MP-ONC-1773,2026-03-01,Covered,Y,Y,Physician Office; Home Infusion,N,https://policies.example/ironwood-ppo/mp-onc-1773,2026-08-01
2026-08-01,PYR10774,Granite Alliance,PLN52774,Granite Choice HMO,Health Exchange,2367394,J9345,Onvantra,MP-ONC-1774,2025-11-01,Covered,N,Y,Physician Office; Home Infusion,N,https://policies.example/granite-choice-hmo/mp-onc-1774,2026-08-01
2026-08-01,PYR10775,Northgate Benefit,PLN52775,Northgate HMO,Commercial,1206670,J9345,Onvantra,MP-ONC-1775,2026-05-01,Covered,Y,N,Outpatient Hospital; Physician Office; Home Infusion,Y,https://policies.example/northgate-hmo/mp-onc-1775,2026-08-01
2026-08-01,PYR10776,Fairview Health,PLN52776,Fairview Preferred,Managed Medicaid,772360,J9345,Onvantra,MP-ONC-1776,2025-10-01,Covered,N,N,Physician Office; Outpatient Hospital,N,https://policies.example/fairview-preferred/mp-onc-1776,2026-08-01
2026-08-01,PYR10777,Gateway Health,PLN52777,Gateway Select PPO,Health Exchange,2869808,J9345,Onvantra,MP-ONC-1777,2025-10-01,Covered,Y,Y,Outpatient Hospital; Physician Office; Home Infusion,Y,https://policies.example/gateway-select-ppo/mp-onc-1777,2026-08-01
2026-08-01,PYR10778,Foundry Health Plan,PLN52778,Foundry PPO,Commercial,1945357,J9345,Onvantra,MP-ONC-1778,2025-10-01,Covered,N,Y,Outpatient Hospital; Physician Office; Home Infusion,Y,https://policies.example/foundry-ppo/mp-onc-1778,2026-08-01
2026-08-01,PYR10779,Gateway Health,PLN52779,Gateway Complete,Commercial,3083323,J9345,Onvantra,MP-ONC-1779,2026-01-15,Covered,Y,N,Physician Office,Y,https://policies.example/gateway-complete/mp-onc-1779,2026-08-01
2026-08-01,PYR10780,Foundry Health,PLN52780,Foundry HMO,Managed Medicaid,2541193,J9345,Onvantra,MP-ONC-1780,2025-11-01,Covered,N,N,Physician Office; Home Infusion,N,https://policies.example/foundry-hmo/mp-onc-1780,2026-08-01
2026-08-01,PYR10781,Silverpeak Mutual,PLN52781,Silverpeak HMO,Commercial,888349,J9345,Onvantra,MP-ONC-1781,2025-11-01,Covered,Y,Y,Physician Office; Home Infusion,N,https://policies.example/silverpeak-hmo/mp-onc-1781,2026-08-01
2026-08-01,PYR10782,Northgate Insurance,PLN52782,Northgate Complete,Medicare Advantage,3101543,J9345,Onvantra,MP-ONC-1782,2025-10-01,Covered,Y,N,Outpatient Hospital; Physician Office; Home Infusion,Y,https://policies.example/northgate-complete/mp-onc-1782,2026-08-01
2026-08-01,PYR10783,Juniper Wellness,PLN52783,Juniper Complete,Medicare Advantage,1642765,J9345,Onvantra,MP-ONC-1783,2026-03-01,Covered,N,N,Physician Office; Home Infusion,N,https://policies.example/juniper-complete/mp-onc-1783,2026-08-01
2026-08-01,PYR10784,Juniper Health Plan,PLN52784,Juniper Advantage,Health Exchange,1801845,J9345,Onvantra,MP-ONC-1784,2025-11-01,Covered,Y,N,Outpatient Hospital; Physician Office; Home Infusion,N,https://policies.example/juniper-advantage/mp-onc-1784,2026-08-01
2026-08-01,PYR10785,Beacon Alliance,PLN52785,Beacon Preferred,Health Exchange,2729660,J9345,Onvantra,MP-ONC-1785,2025-10-01,Covered,Y,N,Physician Office; Home Infusion,N,https://policies.example/beacon-preferred/mp-onc-1785,2026-08-01
2026-08-01,PYR10786,Quarry Insurance,PLN52786,Quarry EPO,Commercial,2885220,J9345,Onvantra,MP-ONC-1786,2026-05-01,Covered,Y,N,Physician Office; Home Infusion,N,https://policies.example/quarry-epo/mp-onc-1786,2026-08-01
2026-08-01,PYR10787,Harborview Care,PLN52787,Harborview PPO,Managed Medicaid,466442,J9345,Onvantra,MP-ONC-1787,2026-05-01,Covered,N,Y,Physician Office,N,https://policies.example/harborview-ppo/mp-onc-1787,2026-08-01
2026-08-01,PYR10788,Bluegrass Benefit,PLN52788,Bluegrass Select PPO,Managed Medicaid,357966,J9345,Onvantra,MP-ONC-1788,2025-11-01,Covered,Y,N,Physician Office; Home Infusion,N,https://policies.example/bluegrass-select-ppo/mp-onc-1788,2026-08-01
2026-08-01,PYR10789,Lantern Health,PLN52789,Lantern HMO,Medicare Advantage,2969377,J9345,Onvantra,MP-ONC-1789,2026-03-01,Covered,Y,N,Physician Office; Home Infusion,Y,https://policies.example/lantern-hmo/mp-onc-1789,2026-08-01
2026-08-01,PYR10790,Brightwater Insurance,PLN52790,Brightwater Choice HMO,Commercial,900284,J9345,Onvantra,MP-ONC-1790,2025-10-01,Covered,Y,N,Outpatient Hospital; Physician Office; Home Infusion,Y,https://policies.example/brightwater-choice-hmo/mp-onc-1790,2026-08-01
2026-08-01,PYR10791,Nautilus Health,PLN52791,Nautilus PPO,Medicare Advantage,504384,J9345,Onvantra,MP-ONC-1791,2026-03-01,Covered,Y,N,Physician Office; Home Infusion,N,https://policies.example/nautilus-ppo/mp-onc-1791,2026-08-01
2026-08-01,PYR10792,Zephyr Alliance,PLN52792,Zephyr Select PPO,Managed Medicaid,2601815,J9345,Onvantra,MP-ONC-1792,2025-11-01,Covered,Y,Y,Outpatient Hospital; Physician Office; Home Infusion,N,https://policies.example/zephyr-select-ppo/mp-onc-1792,2026-08-01
2026-08-01,PYR10793,Lakeside Health,PLN52793,Lakeside POS,Commercial,81627,J9345,Onvantra,MP-ONC-1793,2025-11-01,Covered,Y,N,Physician Office; Outpatient Hospital,N,https://policies.example/lakeside-pos/mp-onc-1793,2026-08-01
2026-08-01,PYR10794,Silverpeak Mutual,PLN52794,Silverpeak Preferred,Commercial,376102,J9345,Onvantra,MP-ONC-1794,2026-03-01,Covered,Y,Y,Physician Office; Outpatient Hospital,N,https://policies.example/silverpeak-preferred/mp-onc-1794,2026-08-01
2026-08-01,PYR10795,Cascade Care,PLN52795,Cascade EPO,Commercial,3113672,J9345,Onvantra,MP-ONC-1795,2026-03-01,Covered,N,Y,Physician Office; Home Infusion,N,https://policies.example/cascade-epo/mp-onc-1795,2026-08-01
2026-08-01,PYR10796,Yellowstone Wellness,PLN52796,Yellowstone POS,Commercial,2403364,J9345,Onvantra,MP-ONC-1796,2025-10-01,Covered,N,N,Outpatient Hospital; Physician Office; Home Infusion,N,https://policies.example/yellowstone-pos/mp-onc-1796,2026-08-01
2026-08-01,PYR10797,Nautilus Mutual,PLN52797,Nautilus Complete,Health Exchange,2442081,J9345,Onvantra,MP-ONC-1797,2026-03-01,Covered,Y,N,Physician Office; Home Infusion,N,https://policies.example/nautilus-complete/mp-onc-1797,2026-08-01
2026-08-01,PYR10798,Sequoia Alliance,PLN52798,Sequoia POS,Health Exchange,269613,J9345,Onvantra,MP-ONC-1798,2025-10-01,Covered,Y,Y,Outpatient Hospital; Physician Office; Home Infusion,Y,https://policies.example/sequoia-pos/mp-onc-1798,2026-08-01
2026-08-01,PYR10799,Redwood Mutual,PLN52799,Redwood Complete,Commercial,2090294,J9345,Onvantra,MP-ONC-1799,2025-11-01,Covered,Y,Y,Physician Office; Home Infusion,N,https://policies.example/redwood-complete/mp-onc-1799,2026-08-01
2026-08-01,PYR10800,Copperfield Wellness,PLN52800,Copperfield Complete,Commercial,1852569,J9345,Onvantra,MP-ONC-1800,2026-03-01,Covered,Y,N,Outpatient Hospital; Physician Office; Home Infusion,Y,https://policies.example/copperfield-complete/mp-onc-1800,2026-08-01
2026-08-01,PYR10801,Lakeside Insurance,PLN52801,Lakeside Advantage,Medicare Advantage,2838216,J9345,Onvantra,MP-ONC-1801,2025-11-01,Covered,Y,Y,Physician Office; Outpatient Hospital,Y,https://policies.example/lakeside-advantage/mp-onc-1801,2026-08-01
2026-08-01,PYR10802,Copperfield Care,PLN52802,Copperfield Complete,Commercial,741835,J9345,Onvantra,MP-ONC-1802,2026-03-01,Covered,Y,N,Physician Office; Home Infusion,N,https://policies.example/copperfield-complete/mp-onc-1802,2026-08-01
2026-08-01,PYR10803,Ridgeline Insurance,PLN52803,Ridgeline POS,Commercial,2350516,J9345,Onvantra,MP-ONC-1803,2026-01-15,Covered,Y,N,Outpatient Hospital; Physician Office; Home Infusion,N,https://policies.example/ridgeline-pos/mp-onc-1803,2026-08-01
2026-08-01,PYR10804,Pinecrest Health Plan,PLN52804,Pinecrest Preferred,Commercial,282032,J9345,Onvantra,MP-ONC-1804,2025-11-01,Covered,Y,Y,Physician Office,Y,https://policies.example/pinecrest-preferred/mp-onc-1804,2026-08-01
2026-08-01,PYR10805,Northgate Wellness,PLN52805,Northgate Complete,Commercial,1442423,J9345,Onvantra,MP-ONC-1805,2026-05-01,Covered,Y,N,Outpatient Hospital; Physician Office; Home Infusion,N,https://policies.example/northgate-complete/mp-onc-1805,2026-08-01
2026-08-01,PYR10806,Zephyr Care,PLN52806,Zephyr PPO,Medicare Advantage,1932365,J9345,Onvantra,MP-ONC-1806,2025-10-01,Covered,Y,N,Physician Office,Y,https://policies.example/zephyr-ppo/mp-onc-1806,2026-08-01
2026-08-01,PYR10807,Sequoia Care,PLN52807,Sequoia EPO,Health Exchange,510176,J9345,Onvantra,MP-ONC-1807,2026-01-15,Covered,Y,N,Physician Office; Outpatient Hospital,Y,https://policies.example/sequoia-epo/mp-onc-1807,2026-08-01
2026-08-01,PYR10808,Oakmont Alliance,PLN52808,Oakmont HMO,Commercial,2729104,J9345,Onvantra,MP-ONC-1808,2025-11-01,Covered,Y,N,Physician Office; Outpatient Hospital,N,https://policies.example/oakmont-hmo/mp-onc-1808,2026-08-01
2026-08-01,PYR10809,Oakmont Mutual,PLN52809,Oakmont PPO,Commercial,2001688,J9345,Onvantra,MP-ONC-1809,2026-01-15,Covered,Y,N,Physician Office; Outpatient Hospital,N,https://policies.example/oakmont-ppo/mp-onc-1809,2026-08-01
2026-08-01,PYR10810,Juniper Mutual,PLN52810,Juniper Choice HMO,Health Exchange,2804192,J9345,Onvantra,MP-ONC-1810,2025-11-01,Covered,Y,N,Physician Office; Home Infusion,N,https://policies.example/juniper-choice-hmo/mp-onc-1810,2026-08-01
2026-08-01,PYR10811,Nautilus Mutual,PLN52811,Nautilus Advantage,Medicare Advantage,2179912,J9345,Onvantra,MP-ONC-1811,2025-10-01,Covered,Y,N,Physician Office; Home Infusion,N,https://policies.example/nautilus-advantage/mp-onc-1811,2026-08-01
2026-08-01,PYR10812,Trailhead Care,PLN52812,Trailhead HMO,Commercial,1335386,J9345,Onvantra,MP-ONC-1812,2026-03-01,Covered,N,N,Physician Office; Home Infusion,N,https://policies.example/trailhead-hmo/mp-onc-1812,2026-08-01
2026-08-01,PYR10813,Granite Health Plan,PLN52813,Granite PPO,Health Exchange,3007088,J9345,Onvantra,MP-ONC-1813,2026-05-01,Covered,Y,Y,Physician Office; Home Infusion,Y,https://policies.example/granite-ppo/mp-onc-1813,2026-08-01
2026-08-01,PYR10814,Everest Benefit,PLN52814,Everest Choice HMO,Commercial,1188485,J9345,Onvantra,MP-ONC-1814,2025-11-01,Covered,Y,Y,Physician Office; Home Infusion,Y,https://policies.example/everest-choice-hmo/mp-onc-1814,2026-08-01
2026-08-01,PYR10815,Union Alliance,PLN52815,Union Choice HMO,Health Exchange,1711619,J9345,Onvantra,MP-ONC-1815,2026-05-01,Covered,Y,N,Physician Office,N,https://policies.example/union-choice-hmo/mp-onc-1815,2026-08-01
2026-08-01,PYR10816,Gateway Mutual,PLN52816,Gateway EPO,Managed Medicaid,2283238,J9345,Onvantra,MP-ONC-1816,2026-05-01,Covered,Y,N,Physician Office,Y,https://policies.example/gateway-epo/mp-onc-1816,2026-08-01
2026-08-01,PYR10817,Everest Benefit,PLN52817,Everest EPO,Commercial,131984,J9345,Onvantra,MP-ONC-1817,2026-03-01,Covered,Y,N,Outpatient Hospital; Physician Office; Home Infusion,Y,https://policies.example/everest-epo/mp-onc-1817,2026-08-01
2026-08-01,PYR10818,Sequoia Care,PLN52818,Sequoia PPO,Commercial,1104497,J9345,Onvantra,MP-ONC-1818,2025-10-01,Covered,Y,N,Physician Office,Y,https://policies.example/sequoia-ppo/mp-onc-1818,2026-08-01
2026-08-01,PYR10819,Oakmont Insurance,PLN52819,Oakmont PPO,Medicare Advantage,1436786,J9345,Onvantra,MP-ONC-1819,2026-01-15,Covered,Y,N,Outpatient Hospital; Physician Office; Home Infusion,N,https://policies.example/oakmont-ppo/mp-onc-1819,2026-08-01
2026-08-01,PYR10820,Wayfarer Health Plan,PLN52820,Wayfarer Advantage,Managed Medicaid,3108350,J9345,Onvantra,MP-ONC-1820,2026-05-01,Covered,Y,N,Outpatient Hospital; Physician Office; Home Infusion,Y,https://policies.example/wayfarer-advantage/mp-onc-1820,2026-08-01
2026-08-01,PYR10821,Willow Benefit,PLN52821,Willow Complete,Commercial,629688,J9345,Onvantra,MP-ONC-1821,2025-10-01,Covered,N,Y,Physician Office,N,https://policies.example/willow-complete/mp-onc-1821,2026-08-01
2026-08-01,PYR10822,Nautilus Health Plan,PLN52822,Nautilus Complete,Commercial,1886347,J9345,Onvantra,MP-ONC-1822,2026-05-01,Covered,Y,N,Physician Office; Home Infusion,Y,https://policies.example/nautilus-complete/mp-onc-1822,2026-08-01
2026-08-01,PYR10823,Trailhead Mutual,PLN52823,Trailhead Select PPO,Managed Medicaid,2107233,J9345,Onvantra,MP-ONC-1823,2026-03-01,Covered,N,Y,Physician Office; Home Infusion,Y,https://policies.example/trailhead-select-ppo/mp-onc-1823,2026-08-01
2026-08-01,PYR10824,Pinecrest Health Plan,PLN52824,Pinecrest Preferred,Commercial,2048249,J9345,Onvantra,MP-ONC-1824,2025-11-01,Covered,N,N,Physician Office,Y,https://policies.example/pinecrest-preferred/mp-onc-1824,2026-08-01
2026-08-01,PYR10825,Prairie Alliance,PLN52825,Prairie PPO,Health Exchange,672833,J9345,Onvantra,MP-ONC-1825,2025-10-01,Covered,Y,N,Physician Office; Home Infusion,N,https://policies.example/prairie-ppo/mp-onc-1825,2026-08-01
2026-08-01,PYR10826,Juniper Insurance,PLN52826,Juniper PPO,Managed Medicaid,658005,J9345,Onvantra,MP-ONC-1826,2026-01-15,Covered,Y,N,Outpatient Hospital; Physician Office; Home Infusion,N,https://policies.example/juniper-ppo/mp-onc-1826,2026-08-01
2026-08-01,PYR10827,Copperfield Alliance,PLN52827,Copperfield PPO,Commercial,611177,J9345,Onvantra,MP-ONC-1827,2025-11-01,Covered,N,N,Outpatient Hospital; Physician Office; Home Infusion,N,https://policies.example/copperfield-ppo/mp-onc-1827,2026-08-01
2026-08-01,PYR10828,Stonegate Alliance,PLN52828,Stonegate PPO,Commercial,2311537,J9345,Onvantra,MP-ONC-1828,2026-03-01,Covered,Y,N,Physician Office,N,https://policies.example/stonegate-ppo/mp-onc-1828,2026-08-01
2026-08-01,PYR10829,Wayfarer Insurance,PLN52829,Wayfarer Complete,Commercial,1597534,J9345,Onvantra,MP-ONC-1829,2026-03-01,Covered,N,N,Physician Office; Outpatient Hospital,Y,https://policies.example/wayfarer-complete/mp-onc-1829,2026-08-01
2026-08-01,PYR10830,Oakmont Alliance,PLN52830,Oakmont EPO,Health Exchange,1379055,J9345,Onvantra,MP-ONC-1830,2026-03-01,Covered,Y,Y,Physician Office; Home Infusion,N,https://policies.example/oakmont-epo/mp-onc-1830,2026-08-01
2026-08-01,PYR10831,Gateway Health,PLN52831,Gateway Complete,Health Exchange,1178395,J9345,Onvantra,MP-ONC-1831,2026-01-15,Covered,Y,N,Physician Office,Y,https://policies.example/gateway-complete/mp-onc-1831,2026-08-01
2026-08-01,PYR10832,Vantage Care,PLN52832,Vantage Preferred,Commercial,822096,J9345,Onvantra,MP-ONC-1832,2025-10-01,Covered,Y,N,Physician Office; Home Infusion,Y,https://policies.example/vantage-preferred/mp-onc-1832,2026-08-01
2026-08-01,PYR10833,Northgate Health Plan,PLN52833,Northgate PPO,Commercial,878208,J9345,Onvantra,MP-ONC-1833,2026-05-01,Covered,Y,Y,Physician Office,Y,https://policies.example/northgate-ppo/mp-onc-1833,2026-08-01
2026-08-01,PYR10834,Foundry Mutual,PLN52834,Foundry PPO,Medicare Advantage,112573,J9345,Onvantra,MP-ONC-1834,2025-10-01,Covered,Y,Y,Physician Office; Outpatient Hospital,N,https://policies.example/foundry-ppo/mp-onc-1834,2026-08-01
2026-08-01,PYR10835,Trailhead Benefit,PLN52835,Trailhead Advantage,Commercial,396786,J9345,Onvantra,MP-ONC-1835,2025-11-01,Covered,Y,N,Physician Office; Outpatient Hospital,N,https://policies.example/trailhead-advantage/mp-onc-1835,2026-08-01
2026-08-01,PYR10836,Stonegate Insurance,PLN52836,Stonegate HMO,Commercial,1301788,J9345,Onvantra,MP-ONC-1836,2026-01-15,Covered,N,N,Physician Office,Y,https://policies.example/stonegate-hmo/mp-onc-1836,2026-08-01
2026-08-01,PYR10837,Stonegate Health,PLN52837,Stonegate PPO,Commercial,1650525,J9345,Onvantra,MP-ONC-1837,2026-01-15,Covered,Y,N,Physician Office; Outpatient Hospital,N,https://policies.example/stonegate-ppo/mp-onc-1837,2026-08-01
2026-08-01,PYR10838,Bluegrass Mutual,PLN52838,Bluegrass HMO,Commercial,864595,J9345,Onvantra,MP-ONC-1838,2026-05-01,Covered,Y,N,Physician Office; Home Infusion,Y,https://policies.example/bluegrass-hmo/mp-onc-1838,2026-08-01
2026-08-01,PYR10839,Keystone Care,PLN52839,Keystone Select PPO,Commercial,1350199,J9345,Onvantra,MP-ONC-1839,2025-10-01,Covered,N,Y,Physician Office,N,https://policies.example/keystone-select-ppo/mp-onc-1839,2026-08-01
2026-08-01,PYR10840,Monarch Wellness,PLN52840,Monarch PPO,Commercial,2338960,J9345,Onvantra,MP-ONC-1840,2026-05-01,Covered,Y,N,Physician Office; Outpatient Hospital,N,https://policies.example/monarch-ppo/mp-onc-1840,2026-08-01
2026-08-01,PYR10841,Monarch Alliance,PLN52841,Monarch HMO,Health Exchange,2113965,J9345,Onvantra,MP-ONC-1841,2025-11-01,Covered,Y,N,Outpatient Hospital; Physician Office; Home Infusion,Y,https://policies.example/monarch-hmo/mp-onc-1841,2026-08-01
2026-08-01,PYR10842,Silverpeak Mutual,PLN52842,Silverpeak Preferred,Medicare Advantage,190288,J9345,Onvantra,MP-ONC-1842,2025-11-01,Covered,Y,Y,Outpatient Hospital; Physician Office; Home Infusion,Y,https://policies.example/silverpeak-preferred/mp-onc-1842,2026-08-01
2026-08-01,PYR10843,Meridian Health,PLN52843,Meridian Complete,Commercial,2522639,J9345,Onvantra,MP-ONC-1843,2025-11-01,Covered,Y,Y,Outpatient Hospital; Physician Office; Home Infusion,Y,https://policies.example/meridian-complete/mp-onc-1843,2026-08-01
2026-08-01,PYR10844,Yellowstone Insurance,PLN52844,Yellowstone PPO,Commercial,3115357,J9345,Onvantra,MP-ONC-1844,2025-10-01,Covered,Y,N,Physician Office,N,https://policies.example/yellowstone-ppo/mp-onc-1844,2026-08-01
2026-08-01,PYR10845,Lakeside Insurance,PLN52845,Lakeside Advantage,Commercial,2575393,J9345,Onvantra,MP-ONC-1845,2026-03-01,Covered,Y,N,Outpatient Hospital; Physician Office; Home Infusion,Y,https://policies.example/lakeside-advantage/mp-onc-1845,2026-08-01
2026-08-01,PYR10846,Redwood Wellness,PLN52846,Redwood Choice HMO,Commercial,898420,J9345,Onvantra,MP-ONC-1846,2025-11-01,Covered,N,N,Physician Office,Y,https://policies.example/redwood-choice-hmo/mp-onc-1846,2026-08-01
2026-08-01,PYR10847,Meridian Alliance,PLN52847,Meridian PPO,Commercial,2836535,J9345,Onvantra,MP-ONC-1847,2026-05-01,Covered,Y,Y,Physician Office; Home Infusion,N,https://policies.example/meridian-ppo/mp-onc-1847,2026-08-01
2026-08-01,PYR10848,Cedar Care,PLN52848,Cedar Preferred,Commercial,2831949,J9345,Onvantra,MP-ONC-1848,2026-05-01,Covered,N,N,Outpatient Hospital; Physician Office; Home Infusion,N,https://policies.example/cedar-preferred/mp-onc-1848,2026-08-01
2026-08-01,PYR10849,Highland Mutual,PLN52849,Highland EPO,Health Exchange,50363,J9345,Onvantra,MP-ONC-1849,2026-03-01,Covered,Y,Y,Outpatient Hospital; Physician Office; Home Infusion,N,https://policies.example/highland-epo/mp-onc-1849,2026-08-01
2026-08-01,PYR10850,Meridian Wellness,PLN52850,Meridian PPO,Commercial,2869451,J9345,Onvantra,MP-ONC-1850,2026-01-15,Covered,Y,N,Physician Office,Y,https://policies.example/meridian-ppo/mp-onc-1850,2026-08-01
2026-08-01,PYR10851,Ironwood Wellness,PLN52851,Ironwood Complete,Commercial,169333,J9345,Onvantra,MP-ONC-1851,2025-11-01,Covered,Y,Y,Physician Office; Outpatient Hospital,N,https://policies.example/ironwood-complete/mp-onc-1851,2026-08-01
2026-08-01,PYR10852,Lantern Care,PLN52852,Lantern Select PPO,Managed Medicaid,2113517,J9345,Onvantra,MP-ONC-1852,2026-05-01,Covered,N,N,Physician Office; Outpatient Hospital,Y,https://policies.example/lantern-select-ppo/mp-onc-1852,2026-08-01
2026-08-01,PYR10853,Zephyr Health Plan,PLN52853,Zephyr HMO,Managed Medicaid,552904,J9345,Onvantra,MP-ONC-1853,2025-11-01,Covered,Y,N,Outpatient Hospital; Physician Office; Home Infusion,Y,https://policies.example/zephyr-hmo/mp-onc-1853,2026-08-01
2026-08-01,PYR10854,Trailhead Insurance,PLN52854,Trailhead POS,Health Exchange,111961,J9345,Onvantra,MP-ONC-1854,2025-10-01,Covered,Y,Y,Physician Office,N,https://policies.example/trailhead-pos/mp-onc-1854,2026-08-01
2026-08-01,PYR10855,Foundry Mutual,PLN52855,Foundry Advantage,Commercial,525521,J9345,Onvantra,MP-ONC-1855,2025-10-01,Covered,N,Y,Outpatient Hospital; Physician Office; Home Infusion,Y,https://policies.example/foundry-advantage/mp-onc-1855,2026-08-01
2026-08-01,PYR10856,Ironwood Health,PLN52856,Ironwood Select PPO,Medicare Advantage,2248090,J9345,Onvantra,MP-ONC-1856,2025-11-01,Covered,N,N,Physician Office,N,https://policies.example/ironwood-select-ppo/mp-onc-1856,2026-08-01
2026-08-01,PYR10857,Gateway Care,PLN52857,Gateway PPO,Health Exchange,961352,J9345,Onvantra,MP-ONC-1857,2025-11-01,Covered,N,N,Physician Office; Outpatient Hospital,N,https://policies.example/gateway-ppo/mp-onc-1857,2026-08-01
2026-08-01,PYR10858,Gateway Insurance,PLN52858,Gateway HMO,Health Exchange,2637676,J9345,Onvantra,MP-ONC-1858,2025-10-01,Covered,Y,N,Physician Office; Home Infusion,N,https://policies.example/gateway-hmo/mp-onc-1858,2026-08-01
2026-08-01,PYR10859,Yellowstone Benefit,PLN52859,Yellowstone Select PPO,Commercial,467316,J9345,Onvantra,MP-ONC-1859,2026-01-15,Covered,N,N,Outpatient Hospital; Physician Office; Home Infusion,N,https://policies.example/yellowstone-select-ppo/mp-onc-1859,2026-08-01
2026-08-01,PYR10860,Trailhead Wellness,PLN52860,Trailhead HMO,Managed Medicaid,2613650,J9345,Onvantra,MP-ONC-1860,2025-10-01,Covered,N,N,Physician Office; Home Infusion,Y,https://policies.example/trailhead-hmo/mp-onc-1860,2026-08-01
2026-08-01,PYR10861,Cedar Health,PLN52861,Cedar PPO,Medicare Advantage,1328989,J9345,Onvantra,MP-ONC-1861,2025-10-01,Covered,Y,N,Physician Office,N,https://policies.example/cedar-ppo/mp-onc-1861,2026-08-01
2026-08-01,PYR10862,Everest Mutual,PLN52862,Everest HMO,Commercial,2856911,J9345,Onvantra,MP-ONC-1862,2026-03-01,Covered,Y,N,Outpatient Hospital; Physician Office; Home Infusion,N,https://policies.example/everest-hmo/mp-onc-1862,2026-08-01
2026-08-01,PYR10863,Riverbend Mutual,PLN52863,Riverbend POS,Managed Medicaid,2782083,J9345,Onvantra,MP-ONC-1863,2026-03-01,Covered,Y,Y,Physician Office; Home Infusion,N,https://policies.example/riverbend-pos/mp-onc-1863,2026-08-01
2026-08-01,PYR10864,Brightwater Care,PLN52864,Brightwater Choice HMO,Health Exchange,2849410,J9345,Onvantra,MP-ONC-1864,2025-11-01,Covered,Y,Y,Outpatient Hospital; Physician Office; Home Infusion,Y,https://policies.example/brightwater-choice-hmo/mp-onc-1864,2026-08-01
2026-08-01,PYR10865,Riverbend Care,PLN52865,Riverbend PPO,Managed Medicaid,3006794,J9345,Onvantra,MP-ONC-1865,2026-05-01,Covered,Y,N,Physician Office; Outpatient Hospital,Y,https://policies.example/riverbend-ppo/mp-onc-1865,2026-08-01
2026-08-01,PYR10866,Bluegrass Benefit,PLN52866,Bluegrass Advantage,Medicare Advantage,3054289,J9345,Onvantra,MP-ONC-1866,2025-10-01,Covered,N,N,Physician Office; Outpatient Hospital,N,https://policies.example/bluegrass-advantage/mp-onc-1866,2026-08-01
2026-08-01,PYR10867,Harborview Health Plan,PLN52867,Harborview Select PPO,Managed Medicaid,1843079,J9345,Onvantra,MP-ONC-1867,2026-03-01,Covered,Y,N,Physician Office; Outpatient Hospital,N,https://policies.example/harborview-select-ppo/mp-onc-1867,2026-08-01
2026-08-01,PYR10868,Everest Benefit,PLN52868,Everest Select PPO,Commercial,48897,J9345,Onvantra,MP-ONC-1868,2026-05-01,Covered,Y,N,Physician Office; Outpatient Hospital,Y,https://policies.example/everest-select-ppo/mp-onc-1868,2026-08-01
2026-08-01,PYR10869,Harborview Mutual,PLN52869,Harborview Choice HMO,Commercial,855420,J9345,Onvantra,MP-ONC-1869,2026-03-01,Covered,Y,N,Outpatient Hospital; Physician Office; Home Infusion,N,https://policies.example/harborview-choice-hmo/mp-onc-1869,2026-08-01
2026-08-01,PYR10870,Prairie Benefit,PLN52870,Prairie Choice HMO,Managed Medicaid,1271745,J9345,Onvantra,MP-ONC-1870,2026-03-01,Covered,N,N,Physician Office; Outpatient Hospital,N,https://policies.example/prairie-choice-hmo/mp-onc-1870,2026-08-01
2026-08-01,PYR10871,Granite Alliance,PLN52871,Granite POS,Commercial,2694183,J9345,Onvantra,MP-ONC-1871,2025-11-01,Covered,Y,N,Physician Office; Home Infusion,Y,https://policies.example/granite-pos/mp-onc-1871,2026-08-01
2026-08-01,PYR10872,Silverpeak Alliance,PLN52872,Silverpeak Choice HMO,Health Exchange,1591688,J9345,Onvantra,MP-ONC-1872,2026-01-15,Covered,Y,Y,Physician Office; Outpatient Hospital,N,https://policies.example/silverpeak-choice-hmo/mp-onc-1872,2026-08-01
2026-08-01,PYR10873,Meridian Care,PLN52873,Meridian Choice HMO,Commercial,2341545,J9345,Onvantra,MP-ONC-1873,2025-11-01,Covered,Y,N,Outpatient Hospital; Physician Office; Home Infusion,N,https://policies.example/meridian-choice-hmo/mp-onc-1873,2026-08-01
2026-08-01,PYR10874,Yellowstone Benefit,PLN52874,Yellowstone PPO,Commercial,850181,J9345,Onvantra,MP-ONC-1874,2026-01-15,Covered,Y,N,Physician Office; Outpatient Hospital,N,https://policies.example/yellowstone-ppo/mp-onc-1874,2026-08-01
2026-08-01,PYR10875,Stonegate Benefit,PLN52875,Stonegate Preferred,Commercial,763857,J9345,Onvantra,MP-ONC-1875,2025-10-01,Covered,Y,N,Physician Office; Outpatient Hospital,N,https://policies.example/stonegate-preferred/mp-onc-1875,2026-08-01
2026-08-01,PYR10876,Cascade Health Plan,PLN52876,Cascade Advantage,Health Exchange,480437,J9345,Onvantra,MP-ONC-1876,2025-11-01,Covered,Y,N,Outpatient Hospital; Physician Office; Home Infusion,N,https://policies.example/cascade-advantage/mp-onc-1876,2026-08-01
2026-08-01,PYR10877,Juniper Benefit,PLN52877,Juniper EPO,Managed Medicaid,2628906,J9345,Onvantra,MP-ONC-1877,2025-11-01,Covered,N,N,Physician Office,N,https://policies.example/juniper-epo/mp-onc-1877,2026-08-01
2026-08-01,PYR10878,Willow Wellness,PLN52878,Willow Preferred,Medicare Advantage,2927331,J9345,Onvantra,MP-ONC-1878,2025-11-01,Covered,Y,N,Physician Office; Home Infusion,Y,https://policies.example/willow-preferred/mp-onc-1878,2026-08-01
2026-08-01,PYR10879,Granite Wellness,PLN52879,Granite Preferred,Commercial,638134,J9345,Onvantra,MP-ONC-1879,2026-01-15,Covered,Y,N,Physician Office,Y,https://policies.example/granite-preferred/mp-onc-1879,2026-08-01
2026-08-01,PYR10880,Lakeside Alliance,PLN52880,Lakeside POS,Health Exchange,356448,J9345,Onvantra,MP-ONC-1880,2026-03-01,Covered,N,N,Physician Office; Outpatient Hospital,Y,https://policies.example/lakeside-pos/mp-onc-1880,2026-08-01
2026-08-01,PYR10881,Sequoia Benefit,PLN52881,Sequoia Complete,Managed Medicaid,1962278,J9345,Onvantra,MP-ONC-1881,2026-03-01,Covered,Y,N,Outpatient Hospital; Physician Office; Home Infusion,Y,https://policies.example/sequoia-complete/mp-onc-1881,2026-08-01
2026-08-01,PYR10882,Ridgeline Alliance,PLN52882,Ridgeline Select PPO,Managed Medicaid,1696689,J9345,Onvantra,MP-ONC-1882,2026-03-01,Covered,Y,N,Physician Office; Outpatient Hospital,N,https://policies.example/ridgeline-select-ppo/mp-onc-1882,2026-08-01
2026-08-01,PYR10883,Silverpeak Mutual,PLN52883,Silverpeak POS,Commercial,1797675,J9345,Onvantra,MP-ONC-1883,2026-05-01,Covered,N,N,Outpatient Hospital; Physician Office; Home Infusion,N,https://policies.example/silverpeak-pos/mp-onc-1883,2026-08-01
2026-08-01,PYR10884,Cedar Health Plan,PLN52884,Cedar HMO,Commercial,1879390,J9345,Onvantra,MP-ONC-1884,2026-05-01,Covered,Y,N,Physician Office,N,https://policies.example/cedar-hmo/mp-onc-1884,2026-08-01
2026-08-01,PYR10885,Brightwater Benefit,PLN52885,Brightwater Advantage,Medicare Advantage,1976050,J9345,Onvantra,MP-ONC-1885,2026-01-15,Covered,N,Y,Outpatient Hospital; Physician Office; Home Infusion,N,https://policies.example/brightwater-advantage/mp-onc-1885,2026-08-01
2026-08-01,PYR10886,Redwood Mutual,PLN52886,Redwood PPO,Commercial,1867575,J9345,Onvantra,MP-ONC-1886,2025-10-01,Covered,Y,N,Physician Office,N,https://policies.example/redwood-ppo/mp-onc-1886,2026-08-01
2026-08-01,PYR10887,Copperfield Care,PLN52887,Copperfield Select PPO,Commercial,427757,J9345,Onvantra,MP-ONC-1887,2026-05-01,Covered,Y,N,Outpatient Hospital; Physician Office; Home Infusion,N,https://policies.example/copperfield-select-ppo/mp-onc-1887,2026-08-01
2026-08-01,PYR10888,Willow Benefit,PLN52888,Willow POS,Health Exchange,1395938,J9345,Onvantra,MP-ONC-1888,2026-05-01,Covered,Y,N,Outpatient Hospital; Physician Office; Home Infusion,N,https://policies.example/willow-pos/mp-onc-1888,2026-08-01
2026-08-01,PYR10889,Lakeside Insurance,PLN52889,Lakeside PPO,Commercial,1197144,J9345,Onvantra,MP-ONC-1889,2025-10-01,Covered,Y,Y,Physician Office; Home Infusion,Y,https://policies.example/lakeside-ppo/mp-onc-1889,2026-08-01
2026-08-01,PYR10890,Quarry Health Plan,PLN52890,Quarry Advantage,Commercial,966797,J9345,Onvantra,MP-ONC-1890,2026-05-01,Covered,Y,Y,Physician Office; Outpatient Hospital,Y,https://policies.example/quarry-advantage/mp-onc-1890,2026-08-01
2026-08-01,PYR10891,Vantage Alliance,PLN52891,Vantage Complete,Commercial,375189,J9345,Onvantra,MP-ONC-1891,2026-03-01,Covered,Y,N,Physician Office; Home Infusion,Y,https://policies.example/vantage-complete/mp-onc-1891,2026-08-01
2026-08-01,PYR10892,Fairview Alliance,PLN52892,Fairview Complete,Managed Medicaid,141265,J9345,Onvantra,MP-ONC-1892,2025-10-01,Covered,Y,N,Physician Office; Outpatient Hospital,N,https://policies.example/fairview-complete/mp-onc-1892,2026-08-01
2026-08-01,PYR10893,Ridgeline Benefit,PLN52893,Ridgeline Choice HMO,Commercial,1773031,J9345,Onvantra,MP-ONC-1893,2026-05-01,Covered,N,Y,Outpatient Hospital; Physician Office; Home Infusion,N,https://policies.example/ridgeline-choice-hmo/mp-onc-1893,2026-08-01
2026-08-01,PYR10894,Cascade Health,PLN52894,Cascade EPO,Commercial,1400171,J9345,Onvantra,MP-ONC-1894,2025-10-01,Covered,N,Y,Physician Office; Outpatient Hospital,N,https://policies.example/cascade-epo/mp-onc-1894,2026-08-01
2026-08-01,PYR10895,Union Mutual,PLN52895,Union POS,Medicare Advantage,470662,J9345,Onvantra,MP-ONC-1895,2025-11-01,Covered,Y,Y,Outpatient Hospital; Physician Office; Home Infusion,N,https://policies.example/union-pos/mp-onc-1895,2026-08-01
2026-08-01,PYR10896,Riverbend Health Plan,PLN52896,Riverbend PPO,Health Exchange,2545691,J9345,Onvantra,MP-ONC-1896,2025-10-01,Covered,N,N,Physician Office; Outpatient Hospital,N,https://policies.example/riverbend-ppo/mp-onc-1896,2026-08-01
2026-08-01,PYR10897,Keystone Insurance,PLN52897,Keystone POS,Commercial,1235985,J9345,Onvantra,MP-ONC-1897,2026-05-01,Covered,Y,Y,Physician Office,N,https://policies.example/keystone-pos/mp-onc-1897,2026-08-01
2026-08-01,PYR10898,Meridian Health Plan,PLN52898,Meridian Choice HMO,Medicare Advantage,1655414,J9345,Onvantra,MP-ONC-1898,2026-03-01,Covered,Y,N,Physician Office; Outpatient Hospital,Y,https://policies.example/meridian-choice-hmo/mp-onc-1898,2026-08-01
2026-08-01,PYR10899,Quarry Care,PLN52899,Quarry Advantage,Commercial,559975,J9345,Onvantra,MP-ONC-1899,2026-03-01,Covered,Y,N,Physician Office; Home Infusion,Y,https://policies.example/quarry-advantage/mp-onc-1899,2026-08-01
2026-08-01,PYR10900,Pinecrest Insurance,PLN52900,Pinecrest POS,Managed Medicaid,3021359,J9345,Onvantra,MP-ONC-1900,2025-11-01,Covered,N,N,Physician Office; Outpatient Hospital,N,https://policies.example/pinecrest-pos/mp-onc-1900,2026-08-01
2026-08-01,PYR10901,Oakmont Care,PLN52901,Oakmont Advantage,Managed Medicaid,1050322,J9345,Onvantra,MP-ONC-1901,2026-05-01,Covered,Y,Y,Physician Office; Home Infusion,N,https://policies.example/oakmont-advantage/mp-onc-1901,2026-08-01
2026-08-01,PYR10902,Granite Care,PLN52902,Granite Select PPO,Health Exchange,1928888,J9345,Onvantra,MP-ONC-1902,2025-11-01,Covered,Y,N,Physician Office; Home Infusion,Y,https://policies.example/granite-select-ppo/mp-onc-1902,2026-08-01
2026-08-01,PYR10903,Monarch Wellness,PLN52903,Monarch EPO,Managed Medicaid,3090448,J9345,Onvantra,MP-ONC-1903,2025-11-01,Covered,N,Y,Physician Office; Home Infusion,Y,https://policies.example/monarch-epo/mp-onc-1903,2026-08-01
2026-08-01,PYR10904,Wayfarer Care,PLN52904,Wayfarer Advantage,Health Exchange,198142,J9345,Onvantra,MP-ONC-1904,2026-05-01,Covered,Y,N,Outpatient Hospital; Physician Office; Home Infusion,Y,https://policies.example/wayfarer-advantage/mp-onc-1904,2026-08-01
2026-08-01,PYR10905,Copperfield Care,PLN52905,Copperfield POS,Medicare Advantage,1740025,J9345,Onvantra,MP-ONC-1905,2026-05-01,Covered,Y,N,Physician Office,N,https://policies.example/copperfield-pos/mp-onc-1905,2026-08-01
2026-08-01,PYR10906,Foundry Mutual,PLN52906,Foundry Complete,Commercial,1075180,J9345,Onvantra,MP-ONC-1906,2025-10-01,Covered,Y,N,Physician Office; Home Infusion,N,https://policies.example/foundry-complete/mp-onc-1906,2026-08-01
2026-08-01,PYR10907,Prairie Mutual,PLN52907,Prairie Choice HMO,Health Exchange,1689961,J9345,Onvantra,MP-ONC-1907,2026-01-15,Covered,Y,Y,Physician Office,N,https://policies.example/prairie-choice-hmo/mp-onc-1907,2026-08-01
2026-08-01,PYR10908,Northgate Health Plan,PLN52908,Northgate Choice HMO,Health Exchange,3155174,J9345,Onvantra,MP-ONC-1908,2025-10-01,Covered,N,Y,Physician Office; Home Infusion,N,https://policies.example/northgate-choice-hmo/mp-onc-1908,2026-08-01
2026-08-01,PYR10909,Vantage Wellness,PLN52909,Vantage Complete,Commercial,1989626,J9345,Onvantra,MP-ONC-1909,2026-05-01,Covered,Y,N,Physician Office; Outpatient Hospital,N,https://policies.example/vantage-complete/mp-onc-1909,2026-08-01
2026-08-01,PYR10910,Riverbend Health Plan,PLN52910,Riverbend Select PPO,Commercial,2257500,J9345,Onvantra,MP-ONC-1910,2025-10-01,Covered,N,N,Physician Office,Y,https://policies.example/riverbend-select-ppo/mp-onc-1910,2026-08-01
2026-08-01,PYR10911,Redwood Health Plan,PLN52911,Redwood Complete,Commercial,761335,J9345,Onvantra,MP-ONC-1911,2025-10-01,Covered,Y,N,Physician Office; Outpatient Hospital,N,https://policies.example/redwood-complete/mp-onc-1911,2026-08-01
2026-08-01,PYR10912,Trailhead Care,PLN52912,Trailhead Advantage,Health Exchange,1308205,J9345,Onvantra,MP-ONC-1912,2026-03-01,Covered,N,N,Physician Office,N,https://policies.example/trailhead-advantage/mp-onc-1912,2026-08-01
2026-08-01,PYR10913,Willow Wellness,PLN52913,Willow Choice HMO,Commercial,853800,J9345,Onvantra,MP-ONC-1913,2025-10-01,Covered,Y,N,Physician Office; Home Infusion,N,https://policies.example/willow-choice-hmo/mp-onc-1913,2026-08-01
2026-08-01,PYR10914,Gateway Wellness,PLN52914,Gateway HMO,Commercial,420183,J9345,Onvantra,MP-ONC-1914,2026-05-01,Covered,Y,N,Physician Office,N,https://policies.example/gateway-hmo/mp-onc-1914,2026-08-01
2026-08-01,PYR10915,Riverbend Benefit,PLN52915,Riverbend Choice HMO,Managed Medicaid,2643932,J9345,Onvantra,MP-ONC-1915,2025-10-01,Covered,Y,N,Physician Office; Home Infusion,N,https://policies.example/riverbend-choice-hmo/mp-onc-1915,2026-08-01
2026-08-01,PYR10916,Ironwood Wellness,PLN52916,Ironwood HMO,Commercial,1371302,J9345,Onvantra,MP-ONC-1916,2026-01-15,Covered,Y,N,Physician Office; Home Infusion,Y,https://policies.example/ironwood-hmo/mp-onc-1916,2026-08-01
2026-08-01,PYR10917,Meridian Mutual,PLN52917,Meridian POS,Medicare Advantage,938150,J9345,Onvantra,MP-ONC-1917,2025-10-01,Covered,Y,N,Outpatient Hospital; Physician Office; Home Infusion,N,https://policies.example/meridian-pos/mp-onc-1917,2026-08-01
2026-08-01,PYR10918,Fairview Mutual,PLN52918,Fairview Select PPO,Managed Medicaid,2110373,J9345,Onvantra,MP-ONC-1918,2026-05-01,Covered,Y,N,Outpatient Hospital; Physician Office; Home Infusion,N,https://policies.example/fairview-select-ppo/mp-onc-1918,2026-08-01
2026-08-01,PYR10919,Foundry Mutual,PLN52919,Foundry EPO,Commercial,750391,J9345,Onvantra,MP-ONC-1919,2025-10-01,Covered,Y,Y,Physician Office,N,https://policies.example/foundry-epo/mp-onc-1919,2026-08-01
2026-08-01,PYR10920,Zephyr Alliance,PLN52920,Zephyr Advantage,Managed Medicaid,2701837,J9345,Onvantra,MP-ONC-1920,2026-05-01,Covered,Y,N,Physician Office; Outpatient Hospital,N,https://policies.example/zephyr-advantage/mp-onc-1920,2026-08-01
2026-08-01,PYR10921,Northgate Insurance,PLN52921,Northgate POS,Health Exchange,1812250,J9345,Onvantra,MP-ONC-1921,2026-01-15,Covered,Y,N,Physician Office,N,https://policies.example/northgate-pos/mp-onc-1921,2026-08-01
2026-08-01,PYR10922,Ridgeline Insurance,PLN52922,Ridgeline POS,Commercial,1591001,J9345,Onvantra,MP-ONC-1922,2026-05-01,Covered,Y,N,Physician Office; Outpatient Hospital,Y,https://policies.example/ridgeline-pos/mp-onc-1922,2026-08-01
2026-08-01,PYR10923,Oakmont Benefit,PLN52923,Oakmont EPO,Commercial,1346853,J9345,Onvantra,MP-ONC-1923,2025-11-01,Covered,Y,Y,Outpatient Hospital; Physician Office; Home Infusion,N,https://policies.example/oakmont-epo/mp-onc-1923,2026-08-01
2026-08-01,PYR10924,Gateway Benefit,PLN52924,Gateway POS,Commercial,2277037,J9345,Onvantra,MP-ONC-1924,2026-03-01,Covered,Y,N,Physician Office; Outpatient Hospital,Y,https://policies.example/gateway-pos/mp-onc-1924,2026-08-01
2026-08-01,PYR10925,Trailhead Benefit,PLN52925,Trailhead EPO,Medicare Advantage,2656499,J9345,Onvantra,MP-ONC-1925,2025-11-01,Covered,Y,N,Physician Office; Home Infusion,N,https://policies.example/trailhead-epo/mp-onc-1925,2026-08-01
2026-08-01,PYR10926,Harborview Health Plan,PLN52926,Harborview POS,Commercial,399866,J9345,Onvantra,MP-ONC-1926,2025-10-01,Covered,Y,N,Physician Office; Outpatient Hospital,Y,https://policies.example/harborview-pos/mp-onc-1926,2026-08-01
2026-08-01,PYR10927,Nautilus Alliance,PLN52927,Nautilus Select PPO,Commercial,3041919,J9345,Onvantra,MP-ONC-1927,2026-05-01,Covered,Y,N,Physician Office; Home Infusion,N,https://policies.example/nautilus-select-ppo/mp-onc-1927,2026-08-01
2026-08-01,PYR10928,Silverpeak Insurance,PLN52928,Silverpeak Select PPO,Managed Medicaid,1895185,J9345,Onvantra,MP-ONC-1928,2026-01-15,Covered,Y,N,Physician Office; Home Infusion,N,https://policies.example/silverpeak-select-ppo/mp-onc-1928,2026-08-01
2026-08-01,PYR10929,Lantern Mutual,PLN52929,Lantern EPO,Medicare Advantage,1866265,J9345,Onvantra,MP-ONC-1929,2025-10-01,Covered,N,Y,Physician Office; Outpatient Hospital,N,https://policies.example/lantern-epo/mp-onc-1929,2026-08-01
2026-08-01,PYR10930,Keystone Mutual,PLN52930,Keystone HMO,Commercial,2511379,J9345,Onvantra,MP-ONC-1930,2026-03-01,Covered,Y,N,Outpatient Hospital; Physician Office; Home Infusion,N,https://policies.example/keystone-hmo/mp-onc-1930,2026-08-01
2026-08-01,PYR10931,Everest Alliance,PLN52931,Everest Select PPO,Medicare Advantage,2372794,J9345,Onvantra,MP-ONC-1931,2026-03-01,Covered,N,N,Outpatient Hospital; Physician Office; Home Infusion,N,https://policies.example/everest-select-ppo/mp-onc-1931,2026-08-01
2026-08-01,PYR10932,Willow Health Plan,PLN52932,Willow POS,Commercial,68830,J9345,Onvantra,MP-ONC-1932,2026-03-01,Covered,Y,Y,Physician Office; Home Infusion,N,https://policies.example/willow-pos/mp-onc-1932,2026-08-01
2026-08-01,PYR10933,Juniper Mutual,PLN52933,Juniper Complete,Commercial,2703753,J9345,Onvantra,MP-ONC-1933,2026-03-01,Covered,Y,Y,Physician Office,N,https://policies.example/juniper-complete/mp-onc-1933,2026-08-01
2026-08-01,PYR10934,Wayfarer Health Plan,PLN52934,Wayfarer POS,Medicare Advantage,1085631,J9345,Onvantra,MP-ONC-1934,2025-10-01,Covered,Y,Y,Outpatient Hospital; Physician Office; Home Infusion,Y,https://policies.example/wayfarer-pos/mp-onc-1934,2026-08-01
2026-08-01,PYR10935,Keystone Mutual,PLN52935,Keystone POS,Commercial,2018726,J9345,Onvantra,MP-ONC-1935,2025-11-01,Covered,Y,N,Physician Office,Y,https://policies.example/keystone-pos/mp-onc-1935,2026-08-01
2026-08-01,PYR10936,Bluegrass Alliance,PLN52936,Bluegrass EPO,Commercial,1052732,J9345,Onvantra,MP-ONC-1936,2026-03-01,Covered,Y,N,Physician Office,N,https://policies.example/bluegrass-epo/mp-onc-1936,2026-08-01
2026-08-01,PYR10937,Lantern Care,PLN52937,Lantern Preferred,Commercial,1788959,J9345,Onvantra,MP-ONC-1937,2026-01-15,Covered,Y,Y,Outpatient Hospital; Physician Office; Home Infusion,Y,https://policies.example/lantern-preferred/mp-onc-1937,2026-08-01
2026-08-01,PYR10938,Sequoia Mutual,PLN52938,Sequoia Select PPO,Health Exchange,1741413,J9345,Onvantra,MP-ONC-1938,2026-01-15,Covered,Y,N,Outpatient Hospital; Physician Office; Home Infusion,N,https://policies.example/sequoia-select-ppo/mp-onc-1938,2026-08-01
2026-08-01,PYR10939,Fairview Mutual,PLN52939,Fairview Select PPO,Commercial,721315,J9345,Onvantra,MP-ONC-1939,2026-03-01,Covered,N,N,Physician Office,N,https://policies.example/fairview-select-ppo/mp-onc-1939,2026-08-01
2026-08-01,PYR10940,Trailhead Mutual,PLN52940,Trailhead Select PPO,Health Exchange,1822533,J9345,Onvantra,MP-ONC-1940,2025-11-01,Covered,Y,N,Outpatient Hospital; Physician Office; Home Infusion,N,https://policies.example/trailhead-select-ppo/mp-onc-1940,2026-08-01
2026-08-01,PYR10941,Willow Alliance,PLN52941,Willow EPO,Managed Medicaid,477372,J9345,Onvantra,MP-ONC-1941,2025-10-01,Covered,N,N,Physician Office; Outpatient Hospital,N,https://policies.example/willow-epo/mp-onc-1941,2026-08-01
2026-08-01,PYR10942,Stonegate Wellness,PLN52942,Stonegate Select PPO,Medicare Advantage,1863557,J9345,Onvantra,MP-ONC-1942,2025-10-01,Covered,Y,N,Physician Office,N,https://policies.example/stonegate-select-ppo/mp-onc-1942,2026-08-01
2026-08-01,PYR10943,Keystone Care,PLN52943,Keystone Select PPO,Commercial,1450089,J9345,Onvantra,MP-ONC-1943,2025-10-01,Covered,Y,N,Physician Office; Home Infusion,N,https://policies.example/keystone-select-ppo/mp-onc-1943,2026-08-01
2026-08-01,PYR10944,Meridian Health,PLN52944,Meridian Select PPO,Commercial,2805563,J9345,Onvantra,MP-ONC-1944,2025-10-01,Covered,Y,N,Physician Office; Outpatient Hospital,Y,https://policies.example/meridian-select-ppo/mp-onc-1944,2026-08-01
2026-08-01,PYR10945,Keystone Insurance,PLN52945,Keystone Complete,Medicare Advantage,3189717,J9345,Onvantra,MP-ONC-1945,2026-01-15,Covered,Y,Y,Outpatient Hospital; Physician Office; Home Infusion,N,https://policies.example/keystone-complete/mp-onc-1945,2026-08-01
2026-08-01,PYR10946,Foundry Wellness,PLN52946,Foundry Choice HMO,Health Exchange,1686309,J9345,Onvantra,MP-ONC-1946,2025-10-01,Covered,N,N,Outpatient Hospital; Physician Office; Home Infusion,N,https://policies.example/foundry-choice-hmo/mp-onc-1946,2026-08-01
2026-08-01,PYR10947,Meridian Alliance,PLN52947,Meridian Advantage,Health Exchange,597433,J9345,Onvantra,MP-ONC-1947,2025-11-01,Covered,Y,N,Outpatient Hospital; Physician Office; Home Infusion,Y,https://policies.example/meridian-advantage/mp-onc-1947,2026-08-01
2026-08-01,PYR10948,Juniper Alliance,PLN52948,Juniper Complete,Managed Medicaid,1747778,J9345,Onvantra,MP-ONC-1948,2026-01-15,Covered,Y,N,Outpatient Hospital; Physician Office; Home Infusion,N,https://policies.example/juniper-complete/mp-onc-1948,2026-08-01
2026-08-01,PYR10949,Granite Benefit,PLN52949,Granite Complete,Commercial,2559948,J9345,Onvantra,MP-ONC-1949,2026-03-01,Covered,N,Y,Physician Office,N,https://policies.example/granite-complete/mp-onc-1949,2026-08-01
2026-08-01,PYR10950,Quarry Care,PLN52950,Quarry Advantage,Commercial,2561671,J9345,Onvantra,MP-ONC-1950,2026-03-01,Covered,Y,N,Physician Office,N,https://policies.example/quarry-advantage/mp-onc-1950,2026-08-01
2026-08-01,PYR10951,Cedar Insurance,PLN52951,Cedar Preferred,Medicare Advantage,719864,J9345,Onvantra,MP-ONC-1951,2026-05-01,Covered,N,N,Physician Office; Home Infusion,Y,https://policies.example/cedar-preferred/mp-onc-1951,2026-08-01
2026-08-01,PYR10952,Silverpeak Wellness,PLN52952,Silverpeak POS,Commercial,3174370,J9345,Onvantra,MP-ONC-1952,2025-10-01,Covered,Y,N,Physician Office; Home Infusion,Y,https://policies.example/silverpeak-pos/mp-onc-1952,2026-08-01
2026-08-01,PYR10953,Pinecrest Benefit,PLN52953,Pinecrest Advantage,Commercial,939324,J9345,Onvantra,MP-ONC-1953,2025-11-01,Covered,Y,Y,Physician Office,Y,https://policies.example/pinecrest-advantage/mp-onc-1953,2026-08-01
2026-08-01,PYR10954,Union Alliance,PLN52954,Union HMO,Health Exchange,1410869,J9345,Onvantra,MP-ONC-1954,2026-03-01,Covered,Y,N,Outpatient Hospital; Physician Office; Home Infusion,N,https://policies.example/union-hmo/mp-onc-1954,2026-08-01
2026-08-01,PYR10955,Vantage Mutual,PLN52955,Vantage POS,Commercial,1101718,J9345,Onvantra,MP-ONC-1955,2025-10-01,Covered,Y,N,Physician Office,N,https://policies.example/vantage-pos/mp-onc-1955,2026-08-01
2026-08-01,PYR10956,Gateway Wellness,PLN52956,Gateway HMO,Managed Medicaid,1557400,J9345,Onvantra,MP-ONC-1956,2025-10-01,Covered,Y,N,Physician Office; Home Infusion,Y,https://policies.example/gateway-hmo/mp-onc-1956,2026-08-01
2026-08-01,PYR10957,Everest Health,PLN52957,Everest Preferred,Commercial,1643000,J9345,Onvantra,MP-ONC-1957,2025-11-01,Covered,N,N,Outpatient Hospital; Physician Office; Home Infusion,Y,https://policies.example/everest-preferred/mp-onc-1957,2026-08-01
2026-08-01,PYR10958,Trailhead Wellness,PLN52958,Trailhead HMO,Medicare Advantage,53539,J9345,Onvantra,MP-ONC-1958,2025-11-01,Covered,N,N,Physician Office; Outpatient Hospital,N,https://policies.example/trailhead-hmo/mp-onc-1958,2026-08-01
2026-08-01,PYR10959,Ridgeline Alliance,PLN52959,Ridgeline EPO,Managed Medicaid,1203635,J9345,Onvantra,MP-ONC-1959,2026-05-01,Covered,Y,N,Outpatient Hospital; Physician Office; Home Infusion,N,https://policies.example/ridgeline-epo/mp-onc-1959,2026-08-01
2026-08-01,PYR10960,Northgate Insurance,PLN52960,Northgate Complete,Health Exchange,919732,J9345,Onvantra,MP-ONC-1960,2026-01-15,Covered,N,N,Physician Office; Home Infusion,N,https://policies.example/northgate-complete/mp-onc-1960,2026-08-01
2026-08-01,PYR10961,Beacon Wellness,PLN52961,Beacon POS,Health Exchange,3100856,J9345,Onvantra,MP-ONC-1961,2026-03-01,Covered,Y,N,Physician Office; Home Infusion,Y,https://policies.example/beacon-pos/mp-onc-1961,2026-08-01
2026-08-01,PYR10962,Everest Health Plan,PLN52962,Everest PPO,Managed Medicaid,1660364,J9345,Onvantra,MP-ONC-1962,2026-03-01,Covered,Y,Y,Physician Office; Home Infusion,N,https://policies.example/everest-ppo/mp-onc-1962,2026-08-01
2026-08-01,PYR10963,Lantern Care,PLN52963,Lantern Preferred,Health Exchange,1202155,J9345,Onvantra,MP-ONC-1963,2025-11-01,Covered,Y,N,Physician Office; Home Infusion,N,https://policies.example/lantern-preferred/mp-onc-1963,2026-08-01
2026-08-01,PYR10964,Foundry Health,PLN52964,Foundry Select PPO,Medicare Advantage,2760733,J9345,Onvantra,MP-ONC-1964,2026-03-01,Covered,Y,N,Physician Office; Home Infusion,Y,https://policies.example/foundry-select-ppo/mp-onc-1964,2026-08-01
2026-08-01,PYR10965,Copperfield Health Plan,PLN52965,Copperfield POS,Commercial,3153943,J9345,Onvantra,MP-ONC-1965,2026-05-01,Covered,Y,N,Outpatient Hospital; Physician Office; Home Infusion,Y,https://policies.example/copperfield-pos/mp-onc-1965,2026-08-01
2026-08-01,PYR10966,Riverbend Health Plan,PLN52966,Riverbend Advantage,Medicare Advantage,2864799,J9345,Onvantra,MP-ONC-1966,2026-03-01,Covered,Y,N,Physician Office,N,https://policies.example/riverbend-advantage/mp-onc-1966,2026-08-01
2026-08-01,PYR10967,Stonegate Health,PLN52967,Stonegate HMO,Managed Medicaid,2741707,J9345,Onvantra,MP-ONC-1967,2026-03-01,Covered,Y,Y,Physician Office; Outpatient Hospital,Y,https://policies.example/stonegate-hmo/mp-onc-1967,2026-08-01
2026-08-01,PYR10968,Silverpeak Health,PLN52968,Silverpeak HMO,Commercial,1678648,J9345,Onvantra,MP-ONC-1968,2026-03-01,Covered,N,N,Physician Office; Outpatient Hospital,Y,https://policies.example/silverpeak-hmo/mp-onc-1968,2026-08-01
2026-08-01,PYR10969,Cedar Alliance,PLN52969,Cedar Advantage,Commercial,2667198,J9345,Onvantra,MP-ONC-1969,2025-10-01,Covered,N,N,Physician Office,N,https://policies.example/cedar-advantage/mp-onc-1969,2026-08-01
2026-08-01,PYR10970,Cedar Care,PLN52970,Cedar Complete,Health Exchange,2820117,J9345,Onvantra,MP-ONC-1970,2025-10-01,Covered,Y,N,Physician Office; Home Infusion,N,https://policies.example/cedar-complete/mp-onc-1970,2026-08-01
2026-08-01,PYR10971,Yellowstone Health Plan,PLN52971,Yellowstone Advantage,Medicare Advantage,2718634,J9345,Onvantra,MP-ONC-1971,2026-01-15,Covered,N,N,Physician Office; Outpatient Hospital,N,https://policies.example/yellowstone-advantage/mp-onc-1971,2026-08-01
2026-08-01,PYR10972,Summit Health Plan,PLN52972,Summit Advantage,Health Exchange,97822,J9345,Onvantra,MP-ONC-1972,2026-05-01,Covered,N,Y,Physician Office,Y,https://policies.example/summit-advantage/mp-onc-1972,2026-08-01
2026-08-01,PYR10973,Union Care,PLN52973,Union POS,Health Exchange,507101,J9345,Onvantra,MP-ONC-1973,2026-03-01,Covered,Y,N,Physician Office,Y,https://policies.example/union-pos/mp-onc-1973,2026-08-01
2026-08-01,PYR10974,Foundry Care,PLN52974,Foundry PPO,Commercial,2427064,J9345,Onvantra,MP-ONC-1974,2026-01-15,Covered,Y,N,Physician Office,Y,https://policies.example/foundry-ppo/mp-onc-1974,2026-08-01
2026-08-01,PYR10975,Granite Care,PLN52975,Granite HMO,Managed Medicaid,1267326,J9345,Onvantra,MP-ONC-1975,2025-10-01,Covered,Y,N,Physician Office; Home Infusion,Y,https://policies.example/granite-hmo/mp-onc-1975,2026-08-01
2026-08-01,PYR10976,Silverpeak Insurance,PLN52976,Silverpeak PPO,Managed Medicaid,1245595,J9345,Onvantra,MP-ONC-1976,2026-01-15,Covered,N,N,Physician Office; Home Infusion,Y,https://policies.example/silverpeak-ppo/mp-onc-1976,2026-08-01
2026-08-01,PYR10977,Trailhead Benefit,PLN52977,Trailhead Preferred,Managed Medicaid,895130,J9345,Onvantra,MP-ONC-1977,2025-11-01,Covered,Y,N,Physician Office; Outpatient Hospital,N,https://policies.example/trailhead-preferred/mp-onc-1977,2026-08-01
2026-08-01,PYR10978,Beacon Insurance,PLN52978,Beacon POS,Commercial,2540576,J9345,Onvantra,MP-ONC-1978,2026-05-01,Covered,Y,N,Outpatient Hospital; Physician Office; Home Infusion,N,https://policies.example/beacon-pos/mp-onc-1978,2026-08-01
2026-08-01,PYR10979,Nautilus Care,PLN52979,Nautilus Preferred,Commercial,1108347,J9345,Onvantra,MP-ONC-1979,2025-10-01,Covered,N,N,Physician Office; Home Infusion,N,https://policies.example/nautilus-preferred/mp-onc-1979,2026-08-01
2026-08-01,PYR10980,Bluegrass Mutual,PLN52980,Bluegrass EPO,Managed Medicaid,869643,J9345,Onvantra,MP-ONC-1980,2026-01-15,Covered,Y,N,Physician Office; Outpatient Hospital,Y,https://policies.example/bluegrass-epo/mp-onc-1980,2026-08-01
2026-08-01,PYR10981,Wayfarer Health Plan,PLN52981,Wayfarer Advantage,Commercial,1341911,J9345,Onvantra,MP-ONC-1981,2025-11-01,Covered,N,Y,Physician Office,Y,https://policies.example/wayfarer-advantage/mp-onc-1981,2026-08-01
2026-08-01,PYR10982,Summit Insurance,PLN52982,Summit HMO,Managed Medicaid,476332,J9345,Onvantra,MP-ONC-1982,2025-10-01,Covered,N,N,Outpatient Hospital; Physician Office; Home Infusion,Y,https://policies.example/summit-hmo/mp-onc-1982,2026-08-01
2026-08-01,PYR10983,Juniper Benefit,PLN52983,Juniper Select PPO,Commercial,961929,J9345,Onvantra,MP-ONC-1983,2025-11-01,Covered,Y,N,Physician Office,N,https://policies.example/juniper-select-ppo/mp-onc-1983,2026-08-01
2026-08-01,PYR10984,Keystone Care,PLN52984,Keystone HMO,Commercial,2223199,J9345,Onvantra,MP-ONC-1984,2026-01-15,Covered,Y,Y,Physician Office,Y,https://policies.example/keystone-hmo/mp-onc-1984,2026-08-01
2026-08-01,PYR10985,Wayfarer Insurance,PLN52985,Wayfarer Preferred,Commercial,2562901,J9345,Onvantra,MP-ONC-1985,2026-03-01,Covered,Y,N,Physician Office; Outpatient Hospital,N,https://policies.example/wayfarer-preferred/mp-onc-1985,2026-08-01
2026-08-01,PYR10986,Stonegate Benefit,PLN52986,Stonegate Preferred,Managed Medicaid,2509004,J9345,Onvantra,MP-ONC-1986,2025-10-01,Covered,N,Y,Physician Office; Outpatient Hospital,N,https://policies.example/stonegate-preferred/mp-onc-1986,2026-08-01
2026-08-01,PYR10987,Sequoia Health Plan,PLN52987,Sequoia EPO,Commercial,1603805,J9345,Onvantra,MP-ONC-1987,2025-11-01,Covered,Y,N,Outpatient Hospital; Physician Office; Home Infusion,Y,https://policies.example/sequoia-epo/mp-onc-1987,2026-08-01
2026-08-01,PYR10988,Zephyr Mutual,PLN52988,Zephyr Complete,Commercial,1856131,J9345,Onvantra,MP-ONC-1988,2026-03-01,Covered,Y,Y,Outpatient Hospital; Physician Office; Home Infusion,N,https://policies.example/zephyr-complete/mp-onc-1988,2026-08-01
2026-08-01,PYR10989,Trailhead Wellness,PLN52989,Trailhead Select PPO,Health Exchange,379662,J9345,Onvantra,MP-ONC-1989,2025-10-01,Covered,Y,Y,Outpatient Hospital; Physician Office; Home Infusion,N,https://policies.example/trailhead-select-ppo/mp-onc-1989,2026-08-01
2026-08-01,PYR10990,Summit Wellness,PLN52990,Summit HMO,Commercial,2428053,J9345,Onvantra,MP-ONC-1990,2026-03-01,Covered,Y,N,Outpatient Hospital; Physician Office; Home Infusion,Y,https://policies.example/summit-hmo/mp-onc-1990,2026-08-01
2026-08-01,PYR10991,Meridian Mutual,PLN52991,Meridian Preferred,Health Exchange,587222,J9345,Onvantra,MP-ONC-1991,2025-10-01,Covered,N,Y,Physician Office,N,https://policies.example/meridian-preferred/mp-onc-1991,2026-08-01
2026-08-01,PYR10992,Brightwater Wellness,PLN52992,Brightwater PPO,Health Exchange,1797490,J9345,Onvantra,MP-ONC-1992,2026-03-01,Covered,Y,N,Physician Office,Y,https://policies.example/brightwater-ppo/mp-onc-1992,2026-08-01
2026-08-01,PYR10993,Pinecrest Wellness,PLN52993,Pinecrest EPO,Commercial,1554523,J9345,Onvantra,MP-ONC-1993,2026-03-01,Covered,Y,N,Physician Office,N,https://policies.example/pinecrest-epo/mp-onc-1993,2026-08-01
2026-08-01,PYR10994,Keystone Health Plan,PLN52994,Keystone Choice HMO,Commercial,1432501,J9345,Onvantra,MP-ONC-1994,2026-03-01,Covered,Y,N,Outpatient Hospital; Physician Office; Home Infusion,N,https://policies.example/keystone-choice-hmo/mp-onc-1994,2026-08-01
2026-08-01,PYR10995,Copperfield Insurance,PLN52995,Copperfield POS,Commercial,3110504,J9345,Onvantra,MP-ONC-1995,2026-05-01,Covered,N,N,Outpatient Hospital; Physician Office; Home Infusion,Y,https://policies.example/copperfield-pos/mp-onc-1995,2026-08-01
2026-08-01,PYR10996,Granite Alliance,PLN52996,Granite Complete,Commercial,1507098,J9345,Onvantra,MP-ONC-1996,2026-01-15,Covered,Y,Y,Outpatient Hospital; Physician Office; Home Infusion,N,https://policies.example/granite-complete/mp-onc-1996,2026-08-01
2026-08-01,PYR10997,Riverbend Health,PLN52997,Riverbend Choice HMO,Health Exchange,795802,J9345,Onvantra,MP-ONC-1997,2026-03-01,Covered,N,N,Physician Office,N,https://policies.example/riverbend-choice-hmo/mp-onc-1997,2026-08-01
2026-08-01,PYR10998,Ridgeline Wellness,PLN52998,Ridgeline HMO,Managed Medicaid,2172208,J9345,Onvantra,MP-ONC-1998,2025-10-01,Covered,Y,Y,Physician Office,N,https://policies.example/ridgeline-hmo/mp-onc-1998,2026-08-01
2026-08-01,PYR10999,Beacon Insurance,PLN52999,Beacon POS,Medicare Advantage,1673255,J9345,Onvantra,MP-ONC-1999,2025-11-01,Covered,Y,N,Outpatient Hospital; Physician Office; Home Infusion,N,https://policies.example/beacon-pos/mp-onc-1999,2026-08-01
